name,longitude,latitude,year,base
"Haddadus binotatus (Spix, 1824)",-44.123505,-22.981772,2019,gbif
"Haddadus binotatus (Spix, 1824)",-40.546028,-19.889361,2018,gbif
"Haddadus binotatus (Spix, 1824)",-40.545556,-19.888611,2018,gbif
"Haddadus binotatus (Spix, 1824)",-40.546028,-19.889361,2018,gbif
"Haddadus binotatus (Spix, 1824)",-43.904064,-22.621609,2018,gbif
"Haddadus binotatus (Spix, 1824)",-43.903488,-22.62776,2018,gbif
"Haddadus binotatus (Spix, 1824)",-48.913703,-26.452913,2018,gbif
"Haddadus binotatus (Spix, 1824)",-43.011662,-22.953132,2018,gbif
"Haddadus binotatus (Spix, 1824)",-44.549549,-22.39401,2018,gbif
"Haddadus binotatus (Spix, 1824)",-43.435692,-22.603522,2018,gbif
"Haddadus binotatus (Spix, 1824)",-49.47398,-28.67812,2018,gbif
"Haddadus binotatus (Spix, 1824)",-40.871003,-18.611125,2017,gbif
"Haddadus binotatus (Spix, 1824)",-40.871003,-18.611125,2017,gbif
"Haddadus binotatus (Spix, 1824)",-41.0055,-20.655917,2017,gbif
"Haddadus binotatus (Spix, 1824)",-40.871003,-18.611125,2017,gbif
"Haddadus binotatus (Spix, 1824)",-40.871003,-18.611125,2017,gbif
"Haddadus binotatus (Spix, 1824)",-40.871003,-18.611125,2017,gbif
"Haddadus binotatus (Spix, 1824)",-41.0055,-20.655917,2017,gbif
"Haddadus binotatus (Spix, 1824)",-40.638333,-20.455556,2017,gbif
"Haddadus binotatus (Spix, 1824)",-40.638333,-20.455556,2017,gbif
"Haddadus binotatus (Spix, 1824)",-40.57,-20.326389,2017,gbif
"Haddadus binotatus (Spix, 1824)",-44.148056,-23.141111,2017,gbif
"Haddadus binotatus (Spix, 1824)",-41.009589,-20.654036,2017,gbif
"Haddadus binotatus (Spix, 1824)",-44.148056,-23.141111,2017,gbif
"Haddadus binotatus (Spix, 1824)",-41.009589,-20.654036,2017,gbif
"Haddadus binotatus (Spix, 1824)",-40.335111,-19.818889,2017,gbif
"Haddadus binotatus (Spix, 1824)",-40.335111,-19.818889,2017,gbif
"Haddadus binotatus (Spix, 1824)",-40.638333,-20.455556,2017,gbif
"Haddadus binotatus (Spix, 1824)",-40.638333,-20.455556,2017,gbif
"Haddadus binotatus (Spix, 1824)",-40.5625,-19.9425,2017,gbif
"Haddadus binotatus (Spix, 1824)",-40.5625,-19.9425,2017,gbif
"Haddadus binotatus (Spix, 1824)",-40.57,-20.326389,2017,gbif
"Haddadus binotatus (Spix, 1824)",-40.5625,-19.9425,2017,gbif
"Haddadus binotatus (Spix, 1824)",-40.542222,-19.91,2016,gbif
"Haddadus binotatus (Spix, 1824)",-42.235,-20.60225,2015,gbif
"Haddadus binotatus (Spix, 1824)",-42.235,-20.60225,2015,gbif
"Haddadus binotatus (Spix, 1824)",-40.574603,-19.886667,2015,gbif
"Haddadus binotatus (Spix, 1824)",-40.563056,-19.855,2015,gbif
"Haddadus binotatus (Spix, 1824)",-40.829444,-20.404722,2015,gbif
"Haddadus binotatus (Spix, 1824)",-42.689167,-21.234722,2015,gbif
"Haddadus binotatus (Spix, 1824)",-40.563056,-19.855,2015,gbif
"Haddadus binotatus (Spix, 1824)",-40.5457,-19.888753,2015,gbif
"Haddadus binotatus (Spix, 1824)",-40.563056,-19.855,2015,gbif
"Haddadus binotatus (Spix, 1824)",-40.5457,-19.888753,2015,gbif
"Haddadus binotatus (Spix, 1824)",-40.5457,-19.888753,2015,gbif
"Haddadus binotatus (Spix, 1824)",-40.659361,-20.387167,2015,gbif
"Haddadus binotatus (Spix, 1824)",-40.825694,-20.387167,2015,gbif
"Haddadus binotatus (Spix, 1824)",-42.768,-22.432,2015,gbif
"Haddadus binotatus (Spix, 1824)",-43.411102,-22.563293,2014,gbif
"Haddadus binotatus (Spix, 1824)",-40.574603,-19.886667,2014,gbif
"Haddadus binotatus (Spix, 1824)",-40.574603,-19.886667,2014,gbif
"Haddadus binotatus (Spix, 1824)",-40.574603,-19.886667,2014,gbif
"Haddadus binotatus (Spix, 1824)",-47.478669,-20.6675,2014,gbif
"Haddadus binotatus (Spix, 1824)",-47.4935,-24.373,2014,gbif
"Haddadus binotatus (Spix, 1824)",-47.478669,-20.6675,2014,gbif
"Haddadus binotatus (Spix, 1824)",-47.478669,-20.6675,2014,gbif
"Haddadus binotatus (Spix, 1824)",-47.4935,-24.373,2014,gbif
"Haddadus binotatus (Spix, 1824)",-42.235,-20.60225,2014,gbif
"Haddadus binotatus (Spix, 1824)",-43.902691,-22.619074,2014,gbif
"Haddadus binotatus (Spix, 1824)",-42.235,-20.60225,2014,gbif
"Haddadus binotatus (Spix, 1824)",-42.095278,-20.499611,2014,gbif
"Haddadus binotatus (Spix, 1824)",-42.235,-20.60225,2014,gbif
"Haddadus binotatus (Spix, 1824)",-40.552625,-19.668056,2014,gbif
"Haddadus binotatus (Spix, 1824)",-43.229377,-22.968482,2014,gbif
"Haddadus binotatus (Spix, 1824)",-44.628469,-22.369822,2014,gbif
"Haddadus binotatus (Spix, 1824)",-42.235,-20.60225,2014,gbif
"Haddadus binotatus (Spix, 1824)",-41.121389,-20.541389,2013,gbif
"Haddadus binotatus (Spix, 1824)",-42.85863,-20.802319,2013,gbif
"Haddadus binotatus (Spix, 1824)",-48.89786,-27.096556,2013,gbif
"Haddadus binotatus (Spix, 1824)",-40.540447,-19.965183,2013,gbif
"Haddadus binotatus (Spix, 1824)",-40.556944,-19.929167,2012,gbif
"Haddadus binotatus (Spix, 1824)",-43.646568,-20.299837,2011,gbif
"Haddadus binotatus (Spix, 1824)",-47.869,-24.984,2009,gbif
"Haddadus binotatus (Spix, 1824)",-48.568,-27.339,2009,gbif
"Haddadus binotatus (Spix, 1824)",-43.875,-20.478,2009,gbif
"Haddadus binotatus (Spix, 1824)",-41.023056,-20.401944,2009,gbif
"Haddadus binotatus (Spix, 1824)",-39.844167,-18.355278,2009,gbif
"Haddadus binotatus (Spix, 1824)",-39.844167,-18.355278,2009,gbif
"Haddadus binotatus (Spix, 1824)",-39.844167,-18.355278,2009,gbif
"Haddadus binotatus (Spix, 1824)",-40.526389,-20.042778,2009,gbif
"Haddadus binotatus (Spix, 1824)",-40.52,-19.96,2009,gbif
"Haddadus binotatus (Spix, 1824)",-40.52,-19.96,2009,gbif
"Haddadus binotatus (Spix, 1824)",-41.369,-21.074,2009,gbif
"Haddadus binotatus (Spix, 1824)",-40.521944,-20.281111,2008,gbif
"Haddadus binotatus (Spix, 1824)",-40.8,-20.533333,2008,gbif
"Haddadus binotatus (Spix, 1824)",-40.521944,-20.281111,2008,gbif
"Haddadus binotatus (Spix, 1824)",-40.521944,-20.281111,2008,gbif
"Haddadus binotatus (Spix, 1824)",-40.521944,-20.281111,2008,gbif
"Haddadus binotatus (Spix, 1824)",-40.521944,-20.281111,2008,gbif
"Haddadus binotatus (Spix, 1824)",-40.8,-20.533333,2008,gbif
"Haddadus binotatus (Spix, 1824)",-40.8,-20.533333,2008,gbif
"Haddadus binotatus (Spix, 1824)",-40.8,-20.533333,2008,gbif
"Haddadus binotatus (Spix, 1824)",-39.734167,-14.138056,2008,gbif
"Haddadus binotatus (Spix, 1824)",-40.471111,-20.551667,2007,gbif
"Haddadus binotatus (Spix, 1824)",-40.471111,-20.551667,2007,gbif
"Haddadus binotatus (Spix, 1824)",-40.561,-19.904,2007,gbif
"Haddadus binotatus (Spix, 1824)",-40.521944,-20.281111,2007,gbif
"Haddadus binotatus (Spix, 1824)",-40.801667,-20.550833,2007,gbif
"Haddadus binotatus (Spix, 1824)",-40.521944,-20.281111,2007,gbif
"Haddadus binotatus (Spix, 1824)",-40.521944,-20.281111,2007,gbif
"Haddadus binotatus (Spix, 1824)",-40.801667,-20.550833,2007,gbif
"Haddadus binotatus (Spix, 1824)",-40.801667,-20.550833,2007,gbif
"Haddadus binotatus (Spix, 1824)",-40.521944,-20.281111,2007,gbif
"Haddadus binotatus (Spix, 1824)",-40.521944,-20.281111,2007,gbif
"Haddadus binotatus (Spix, 1824)",-40.521944,-20.281111,2007,gbif
"Haddadus binotatus (Spix, 1824)",-40.521944,-20.281111,2007,gbif
"Haddadus binotatus (Spix, 1824)",-40.521944,-20.281111,2007,gbif
"Haddadus binotatus (Spix, 1824)",-40.521944,-20.281111,2007,gbif
"Haddadus binotatus (Spix, 1824)",-40.801667,-20.550833,2007,gbif
"Haddadus binotatus (Spix, 1824)",-40.801667,-20.550833,2007,gbif
"Haddadus binotatus (Spix, 1824)",-40.521944,-20.281111,2007,gbif
"Haddadus binotatus (Spix, 1824)",-40.801667,-20.550833,2007,gbif
"Haddadus binotatus (Spix, 1824)",-40.521944,-20.281111,2007,gbif
"Haddadus binotatus (Spix, 1824)",-40.801667,-20.550833,2007,gbif
"Haddadus binotatus (Spix, 1824)",-40.801667,-20.550833,2007,gbif
"Haddadus binotatus (Spix, 1824)",-40.521944,-20.281111,2007,gbif
"Haddadus binotatus (Spix, 1824)",-40.521944,-20.281111,2007,gbif
"Haddadus binotatus (Spix, 1824)",-40.801667,-20.550833,2007,gbif
"Haddadus binotatus (Spix, 1824)",-40.521944,-20.281111,2007,gbif
"Haddadus binotatus (Spix, 1824)",-40.801667,-20.550833,2007,gbif
"Haddadus binotatus (Spix, 1824)",-40.801667,-20.550833,2007,gbif
"Haddadus binotatus (Spix, 1824)",-40.801667,-20.550833,2007,gbif
"Haddadus binotatus (Spix, 1824)",-40.521944,-20.281111,2007,gbif
"Haddadus binotatus (Spix, 1824)",-40.521944,-20.281111,2007,gbif
"Haddadus binotatus (Spix, 1824)",-40.521944,-20.281111,2007,gbif
"Haddadus binotatus (Spix, 1824)",-40.521944,-20.281111,2007,gbif
"Haddadus binotatus (Spix, 1824)",-40.521944,-20.281111,2007,gbif
"Haddadus binotatus (Spix, 1824)",-40.521944,-20.281111,2007,gbif
"Haddadus binotatus (Spix, 1824)",-40.521944,-20.281111,2007,gbif
"Haddadus binotatus (Spix, 1824)",-40.521944,-20.281111,2007,gbif
"Haddadus binotatus (Spix, 1824)",-40.521944,-20.281111,2007,gbif
"Haddadus binotatus (Spix, 1824)",-40.521944,-20.281111,2007,gbif
"Haddadus binotatus (Spix, 1824)",-40.521944,-20.281111,2007,gbif
"Haddadus binotatus (Spix, 1824)",-40.521944,-20.281111,2007,gbif
"Haddadus binotatus (Spix, 1824)",-40.521944,-20.281111,2007,gbif
"Haddadus binotatus (Spix, 1824)",-40.521944,-20.281111,2007,gbif
"Haddadus binotatus (Spix, 1824)",-40.521944,-20.281111,2007,gbif
"Haddadus binotatus (Spix, 1824)",-40.521944,-20.281111,2007,gbif
"Haddadus binotatus (Spix, 1824)",-40.521944,-20.281111,2007,gbif
"Haddadus binotatus (Spix, 1824)",-40.521944,-20.281111,2007,gbif
"Haddadus binotatus (Spix, 1824)",-40.521944,-20.281111,2007,gbif
"Haddadus binotatus (Spix, 1824)",-40.521944,-20.281111,2007,gbif
"Haddadus binotatus (Spix, 1824)",-40.521944,-20.281111,2007,gbif
"Haddadus binotatus (Spix, 1824)",-40.521944,-20.281111,2007,gbif
"Haddadus binotatus (Spix, 1824)",-40.600278,-19.935556,2006,gbif
"Haddadus binotatus (Spix, 1824)",-40.363333,-18.126944,2006,gbif
"Haddadus binotatus (Spix, 1824)",-40.363333,-18.126944,2006,gbif
"Haddadus binotatus (Spix, 1824)",-40.363333,-18.126944,2006,gbif
"Haddadus binotatus (Spix, 1824)",-40.363333,-18.126944,2006,gbif
"Haddadus binotatus (Spix, 1824)",-40.363333,-18.126944,2006,gbif
"Haddadus binotatus (Spix, 1824)",-40.363333,-18.126944,2006,gbif
"Haddadus binotatus (Spix, 1824)",-40.363333,-18.126944,2006,gbif
"Haddadus binotatus (Spix, 1824)",-40.363333,-18.126944,2006,gbif
"Haddadus binotatus (Spix, 1824)",-40.600278,-19.935556,2006,gbif
"Haddadus binotatus (Spix, 1824)",-40.600278,-19.935556,2006,gbif
"Haddadus binotatus (Spix, 1824)",-40.600278,-19.935556,2006,gbif
"Haddadus binotatus (Spix, 1824)",-40.600278,-19.935556,2006,gbif
"Haddadus binotatus (Spix, 1824)",-40.600278,-19.935556,2006,gbif
"Haddadus binotatus (Spix, 1824)",-40.600278,-19.935556,2006,gbif
"Haddadus binotatus (Spix, 1824)",-40.600278,-19.935556,2006,gbif
"Haddadus binotatus (Spix, 1824)",-40.600278,-19.935556,2006,gbif
"Haddadus binotatus (Spix, 1824)",-40.600278,-19.935556,2006,gbif
"Haddadus binotatus (Spix, 1824)",-40.600278,-19.935556,2006,gbif
"Haddadus binotatus (Spix, 1824)",-40.600278,-19.935556,2006,gbif
"Haddadus binotatus (Spix, 1824)",-40.600278,-19.935556,2006,gbif
"Haddadus binotatus (Spix, 1824)",-40.600278,-19.935556,2006,gbif
"Haddadus binotatus (Spix, 1824)",-40.600278,-19.935556,2006,gbif
"Haddadus binotatus (Spix, 1824)",-45.362,-23.863,2006,gbif
"Haddadus binotatus (Spix, 1824)",-47.223,-24.552,2006,gbif
"Haddadus binotatus (Spix, 1824)",-40.600278,-19.936389,2006,gbif
"Haddadus binotatus (Spix, 1824)",-45.67,-23.806,2006,gbif
"Haddadus binotatus (Spix, 1824)",-40.746111,-20.040556,2005,gbif
"Haddadus binotatus (Spix, 1824)",-40.746111,-20.040556,2005,gbif
"Haddadus binotatus (Spix, 1824)",-40.746111,-20.040556,2005,gbif
"Haddadus binotatus (Spix, 1824)",-40.746111,-20.040556,2005,gbif
"Haddadus binotatus (Spix, 1824)",-40.746111,-20.040556,2005,gbif
"Haddadus binotatus (Spix, 1824)",-40.746111,-20.040556,2005,gbif
"Haddadus binotatus (Spix, 1824)",-40.746111,-20.040556,2005,gbif
"Haddadus binotatus (Spix, 1824)",-40.746111,-20.040556,2005,gbif
"Haddadus binotatus (Spix, 1824)",-40.746111,-20.040556,2005,gbif
"Haddadus binotatus (Spix, 1824)",-40.746111,-20.040556,2005,gbif
"Haddadus binotatus (Spix, 1824)",-40.746111,-20.040556,2005,gbif
"Haddadus binotatus (Spix, 1824)",-40.746111,-20.040556,2005,gbif
"Haddadus binotatus (Spix, 1824)",-40.746111,-20.040556,2005,gbif
"Haddadus binotatus (Spix, 1824)",-40.600278,-19.935556,2005,gbif
"Haddadus binotatus (Spix, 1824)",-40.600278,-19.935556,2005,gbif
"Haddadus binotatus (Spix, 1824)",-40.600278,-19.935556,2005,gbif
"Haddadus binotatus (Spix, 1824)",-40.600278,-19.935556,2005,gbif
"Haddadus binotatus (Spix, 1824)",-40.600278,-19.935556,2005,gbif
"Haddadus binotatus (Spix, 1824)",-40.600278,-19.935556,2005,gbif
"Haddadus binotatus (Spix, 1824)",-40.746111,-20.040556,2005,gbif
"Haddadus binotatus (Spix, 1824)",-40.746111,-20.040556,2005,gbif
"Haddadus binotatus (Spix, 1824)",-40.746111,-20.040556,2005,gbif
"Haddadus binotatus (Spix, 1824)",-40.600278,-19.935556,2005,gbif
"Haddadus binotatus (Spix, 1824)",-40.600278,-19.935556,2005,gbif
"Haddadus binotatus (Spix, 1824)",-40.746111,-20.040556,2005,gbif
"Haddadus binotatus (Spix, 1824)",-40.746111,-20.040556,2005,gbif
"Haddadus binotatus (Spix, 1824)",-40.600278,-19.935556,2005,gbif
"Haddadus binotatus (Spix, 1824)",-40.600278,-19.935556,2005,gbif
"Haddadus binotatus (Spix, 1824)",-40.600278,-19.935556,2005,gbif
"Haddadus binotatus (Spix, 1824)",-40.600278,-19.935556,2005,gbif
"Haddadus binotatus (Spix, 1824)",-40.600278,-19.935556,2005,gbif
"Haddadus binotatus (Spix, 1824)",-40.600278,-19.935556,2005,gbif
"Haddadus binotatus (Spix, 1824)",-40.600278,-19.935556,2005,gbif
"Haddadus binotatus (Spix, 1824)",-40.600278,-19.935556,2005,gbif
"Haddadus binotatus (Spix, 1824)",-40.600278,-19.935556,2005,gbif
"Haddadus binotatus (Spix, 1824)",-40.600278,-19.935556,2005,gbif
"Haddadus binotatus (Spix, 1824)",-40.600278,-19.935556,2005,gbif
"Haddadus binotatus (Spix, 1824)",-40.600278,-19.935556,2005,gbif
"Haddadus binotatus (Spix, 1824)",-40.746111,-20.040556,2005,gbif
"Haddadus binotatus (Spix, 1824)",-40.746111,-20.040556,2005,gbif
"Haddadus binotatus (Spix, 1824)",-40.600278,-19.935556,2005,gbif
"Haddadus binotatus (Spix, 1824)",-40.600278,-19.935556,2005,gbif
"Haddadus binotatus (Spix, 1824)",-40.600278,-19.935556,2005,gbif
"Haddadus binotatus (Spix, 1824)",-40.600278,-19.935556,2005,gbif
"Haddadus binotatus (Spix, 1824)",-40.600278,-19.935556,2005,gbif
"Haddadus binotatus (Spix, 1824)",-40.600278,-19.935556,2005,gbif
"Haddadus binotatus (Spix, 1824)",-40.600278,-19.935556,2005,gbif
"Haddadus binotatus (Spix, 1824)",-40.600278,-19.935556,2005,gbif
"Haddadus binotatus (Spix, 1824)",-40.600278,-19.935556,2005,gbif
"Haddadus binotatus (Spix, 1824)",-40.600278,-19.935556,2005,gbif
"Haddadus binotatus (Spix, 1824)",-40.600278,-19.935556,2005,gbif
"Haddadus binotatus (Spix, 1824)",-40.600278,-19.935556,2005,gbif
"Haddadus binotatus (Spix, 1824)",-40.600278,-19.935556,2005,gbif
"Haddadus binotatus (Spix, 1824)",-40.600278,-19.935556,2005,gbif
"Haddadus binotatus (Spix, 1824)",-40.600278,-19.935556,2005,gbif
"Haddadus binotatus (Spix, 1824)",-40.600278,-19.935556,2005,gbif
"Haddadus binotatus (Spix, 1824)",-40.659167,-20.363333,2005,gbif
"Haddadus binotatus (Spix, 1824)",-40.600278,-19.935556,2005,gbif
"Haddadus binotatus (Spix, 1824)",-40.600278,-19.935556,2005,gbif
"Haddadus binotatus (Spix, 1824)",-40.600278,-19.935556,2005,gbif
"Haddadus binotatus (Spix, 1824)",-40.600278,-19.935556,2005,gbif
"Haddadus binotatus (Spix, 1824)",-40.600278,-19.935556,2005,gbif
"Haddadus binotatus (Spix, 1824)",-40.600278,-19.935556,2005,gbif
"Haddadus binotatus (Spix, 1824)",-40.600278,-19.935556,2005,gbif
"Haddadus binotatus (Spix, 1824)",-40.600278,-19.935556,2005,gbif
"Haddadus binotatus (Spix, 1824)",-40.600278,-19.935556,2005,gbif
"Haddadus binotatus (Spix, 1824)",-40.600278,-19.935556,2005,gbif
"Haddadus binotatus (Spix, 1824)",-40.600278,-19.935556,2005,gbif
"Haddadus binotatus (Spix, 1824)",-40.600278,-19.935556,2005,gbif
"Haddadus binotatus (Spix, 1824)",-40.600278,-19.935556,2005,gbif
"Haddadus binotatus (Spix, 1824)",-40.600278,-19.935556,2005,gbif
"Haddadus binotatus (Spix, 1824)",-40.600278,-19.935556,2005,gbif
"Haddadus binotatus (Spix, 1824)",-40.746111,-20.040556,2005,gbif
"Haddadus binotatus (Spix, 1824)",-40.072222,-19.391111,2004,gbif
"Haddadus binotatus (Spix, 1824)",-40.600278,-19.935556,2004,gbif
"Haddadus binotatus (Spix, 1824)",-40.746111,-20.040556,2004,gbif
"Haddadus binotatus (Spix, 1824)",-40.529722,-20.100556,2004,gbif
"Haddadus binotatus (Spix, 1824)",-40.746111,-20.040556,2004,gbif
"Haddadus binotatus (Spix, 1824)",-40.746111,-20.040556,2004,gbif
"Haddadus binotatus (Spix, 1824)",-40.746111,-20.040556,2004,gbif
"Haddadus binotatus (Spix, 1824)",-40.746111,-20.040556,2004,gbif
"Haddadus binotatus (Spix, 1824)",-40.746111,-20.040556,2004,gbif
"Haddadus binotatus (Spix, 1824)",-40.746111,-20.040556,2004,gbif
"Haddadus binotatus (Spix, 1824)",-40.416667,-20.266667,2004,gbif
"Haddadus binotatus (Spix, 1824)",-40.746111,-20.040556,2004,gbif
"Haddadus binotatus (Spix, 1824)",-40.746111,-20.040556,2004,gbif
"Haddadus binotatus (Spix, 1824)",-40.416667,-20.266667,2004,gbif
"Haddadus binotatus (Spix, 1824)",-40.416667,-20.266667,2004,gbif
"Haddadus binotatus (Spix, 1824)",-40.600278,-19.935556,2003,gbif
"Haddadus binotatus (Spix, 1824)",-40.466667,-20.266667,2003,gbif
"Haddadus binotatus (Spix, 1824)",-40.466667,-20.266667,2003,gbif
"Haddadus binotatus (Spix, 1824)",-40.600278,-19.935556,2003,gbif
"Haddadus binotatus (Spix, 1824)",-40.072222,-19.391111,2003,gbif
"Haddadus binotatus (Spix, 1824)",-40.072222,-19.391111,2003,gbif
"Haddadus binotatus (Spix, 1824)",-40.072222,-19.391111,2003,gbif
"Haddadus binotatus (Spix, 1824)",-40.42,-20.263889,2002,gbif
"Haddadus binotatus (Spix, 1824)",-40.42,-20.263889,2002,gbif
"Haddadus binotatus (Spix, 1824)",-40.42,-20.263889,2002,gbif
"Haddadus binotatus (Spix, 1824)",-40.42,-20.263889,2002,gbif
"Haddadus binotatus (Spix, 1824)",-40.600278,-19.935556,2002,gbif
"Haddadus binotatus (Spix, 1824)",-41.366667,-21.065,2002,gbif
"Haddadus binotatus (Spix, 1824)",-40.072222,-19.391111,2001,gbif
"Haddadus binotatus (Spix, 1824)",-40.600278,-19.936389,2001,gbif
"Haddadus binotatus (Spix, 1824)",-40.072222,-19.391111,2001,gbif
"Haddadus binotatus (Spix, 1824)",-40.645556,-20.805833,2001,gbif
"Haddadus binotatus (Spix, 1824)",-40.600278,-19.936389,2001,gbif
"Haddadus binotatus (Spix, 1824)",-40.600278,-19.936389,2001,gbif
"Haddadus binotatus (Spix, 1824)",-40.406667,-19.9325,2001,gbif
"Haddadus binotatus (Spix, 1824)",-40.072222,-19.391111,2001,gbif
"Haddadus binotatus (Spix, 1824)",-40.600278,-19.935556,2001,gbif
"Haddadus binotatus (Spix, 1824)",-40.072222,-19.391111,2001,gbif
"Haddadus binotatus (Spix, 1824)",-40.072222,-19.391111,2001,gbif
"Haddadus binotatus (Spix, 1824)",-40.072222,-19.391111,2001,gbif
"Haddadus binotatus (Spix, 1824)",-40.072222,-19.391111,2001,gbif
"Haddadus binotatus (Spix, 1824)",-40.416667,-20.266667,2001,gbif
"Haddadus binotatus (Spix, 1824)",-40.072222,-19.391111,2001,gbif
"Haddadus binotatus (Spix, 1824)",-40.072222,-19.391111,2001,gbif
"Haddadus binotatus (Spix, 1824)",-40.072222,-19.391111,2001,gbif
"Haddadus binotatus (Spix, 1824)",-40.416667,-20.266667,2001,gbif
"Haddadus binotatus (Spix, 1824)",-40.466667,-20.266667,2001,gbif
"Haddadus binotatus (Spix, 1824)",-40.416667,-20.266667,2001,gbif
"Haddadus binotatus (Spix, 1824)",-40.416667,-20.266667,2001,gbif
"Haddadus binotatus (Spix, 1824)",-40.416667,-20.266667,2001,gbif
"Haddadus binotatus (Spix, 1824)",-40.416667,-20.266667,2001,gbif
"Haddadus binotatus (Spix, 1824)",-40.416667,-20.266667,2001,gbif
"Haddadus binotatus (Spix, 1824)",-40.072222,-19.391111,2001,gbif
"Haddadus binotatus (Spix, 1824)",-40.406667,-19.9325,2001,gbif
"Haddadus binotatus (Spix, 1824)",-40.406667,-19.9325,2001,gbif
"Haddadus binotatus (Spix, 1824)",-40.406667,-19.9325,2001,gbif
"Haddadus binotatus (Spix, 1824)",-40.072222,-19.391111,2001,gbif
"Haddadus binotatus (Spix, 1824)",-40.072222,-19.391111,2001,gbif
"Haddadus binotatus (Spix, 1824)",-40.600278,-19.935556,2001,gbif
"Haddadus binotatus (Spix, 1824)",-40.600278,-19.935556,2001,gbif
"Haddadus binotatus (Spix, 1824)",-40.600278,-19.935556,2000,gbif
"Haddadus binotatus (Spix, 1824)",-40.600278,-19.935556,2000,gbif
"Haddadus binotatus (Spix, 1824)",-40.533333,-19.95,2000,gbif
"Haddadus binotatus (Spix, 1824)",-40.600278,-19.935556,2000,gbif
"Haddadus binotatus (Spix, 1824)",-40.533333,-19.95,2000,gbif
"Haddadus binotatus (Spix, 1824)",-40.406667,-19.9325,2000,gbif
"Haddadus binotatus (Spix, 1824)",-40.406667,-19.9325,2000,gbif
"Haddadus binotatus (Spix, 1824)",-40.072222,-19.391111,2000,gbif
"Haddadus binotatus (Spix, 1824)",-40.072222,-19.391111,2000,gbif
"Haddadus binotatus (Spix, 1824)",-40.072222,-19.391111,2000,gbif
"Haddadus binotatus (Spix, 1824)",-40.072222,-19.391111,2000,gbif
"Haddadus binotatus (Spix, 1824)",-40.072222,-19.391111,2000,gbif
"Haddadus binotatus (Spix, 1824)",-40.072222,-19.391111,2000,gbif
"Haddadus binotatus (Spix, 1824)",-40.072222,-19.391111,2000,gbif
"Haddadus binotatus (Spix, 1824)",-40.072222,-19.391111,2000,gbif
"Haddadus binotatus (Spix, 1824)",-40.600278,-19.935556,1999,gbif
"Haddadus binotatus (Spix, 1824)",-40.600278,-19.935556,1999,gbif
"Haddadus binotatus (Spix, 1824)",-40.600278,-19.935556,1999,gbif
"Haddadus binotatus (Spix, 1824)",-40.600278,-19.935556,1999,gbif
"Haddadus binotatus (Spix, 1824)",-40.42,-20.263889,1999,gbif
"Haddadus binotatus (Spix, 1824)",-40.600278,-19.935556,1999,gbif
"Haddadus binotatus (Spix, 1824)",-40.42,-20.263889,1999,gbif
"Haddadus binotatus (Spix, 1824)",-40.42,-20.263889,1999,gbif
"Haddadus binotatus (Spix, 1824)",-40.42,-20.263889,1999,gbif
"Haddadus binotatus (Spix, 1824)",-40.600278,-19.935556,1999,gbif
"Haddadus binotatus (Spix, 1824)",-40.600278,-19.935556,1999,gbif
"Haddadus binotatus (Spix, 1824)",-40.600278,-19.935556,1999,gbif
"Haddadus binotatus (Spix, 1824)",-40.600278,-19.935556,1998,gbif
"Haddadus binotatus (Spix, 1824)",-40.600278,-19.935556,1998,gbif
"Haddadus binotatus (Spix, 1824)",-40.600278,-19.935556,1998,gbif
"Haddadus binotatus (Spix, 1824)",-40.600278,-19.935556,1998,gbif
"Haddadus binotatus (Spix, 1824)",-40.600278,-19.935556,1998,gbif
"Haddadus binotatus (Spix, 1824)",-40.600278,-19.935556,1998,gbif
"Haddadus binotatus (Spix, 1824)",-40.600278,-19.935556,1998,gbif
"Haddadus binotatus (Spix, 1824)",-40.600278,-19.935556,1998,gbif
"Haddadus binotatus (Spix, 1824)",-40.600278,-19.935556,1998,gbif
"Haddadus binotatus (Spix, 1824)",-40.600278,-19.935556,1998,gbif
"Haddadus binotatus (Spix, 1824)",-40.600278,-19.935556,1998,gbif
"Haddadus binotatus (Spix, 1824)",-40.600278,-19.935556,1997,gbif
"Haddadus binotatus (Spix, 1824)",-40.600278,-19.935556,1997,gbif
"Haddadus binotatus (Spix, 1824)",-40.273333,-19.820278,1996,gbif
"Haddadus binotatus (Spix, 1824)",-40.273333,-19.820278,1996,gbif
"Haddadus binotatus (Spix, 1824)",-40.600278,-19.935556,1995,gbif
"Haddadus binotatus (Spix, 1824)",-40.600278,-19.935556,1995,gbif
"Haddadus binotatus (Spix, 1824)",-40.273333,-19.820278,1995,gbif
"Haddadus binotatus (Spix, 1824)",-40.273333,-19.820278,1995,gbif
"Haddadus binotatus (Spix, 1824)",-40.273333,-19.820278,1995,gbif
"Haddadus binotatus (Spix, 1824)",-57.5788,-18.8068,1993,gbif
"Haddadus binotatus (Spix, 1824)",-40.273333,-19.820278,1992,gbif
"Haddadus binotatus (Spix, 1824)",-40.273333,-19.820278,1992,gbif
"Haddadus binotatus (Spix, 1824)",-40.273333,-19.820278,1992,gbif
"Haddadus binotatus (Spix, 1824)",-40.273333,-19.820278,1992,gbif
"Haddadus binotatus (Spix, 1824)",-40.273333,-19.820278,1992,gbif
"Haddadus binotatus (Spix, 1824)",-40.273333,-19.820278,1992,gbif
"Haddadus binotatus (Spix, 1824)",-40.273333,-19.820278,1992,gbif
"Haddadus binotatus (Spix, 1824)",-40.273333,-19.820278,1992,gbif
"Haddadus binotatus (Spix, 1824)",-40.273333,-19.820278,1991,gbif
"Haddadus binotatus (Spix, 1824)",-41.868611,-20.931667,1991,gbif
"Haddadus binotatus (Spix, 1824)",-40.273333,-19.820278,1991,gbif
"Eleutherodactylus binotatus (Spix, 1824)",-37.41667,-11.41667,1991,gbif
"Eleutherodactylus binotatus (Spix, 1824)",-37.41667,-11.41667,1991,gbif
"Eleutherodactylus binotatus (Spix, 1824)",-37.41667,-11.41667,1991,gbif
"Haddadus binotatus (Spix, 1824)",-40.600278,-19.935556,1991,gbif
"Haddadus binotatus (Spix, 1824)",-40.273333,-19.820278,1991,gbif
"Haddadus binotatus (Spix, 1824)",-40.273333,-19.820278,1991,gbif
"Haddadus binotatus (Spix, 1824)",-40.273333,-19.820278,1991,gbif
"Haddadus binotatus (Spix, 1824)",-40.273333,-19.820278,1991,gbif
"Haddadus binotatus (Spix, 1824)",-40.273333,-19.820278,1991,gbif
"Haddadus binotatus (Spix, 1824)",-40.273333,-19.820278,1991,gbif
"Haddadus binotatus (Spix, 1824)",-40.273333,-19.820278,1991,gbif
"Haddadus binotatus (Spix, 1824)",-40.273333,-19.820278,1991,gbif
"Haddadus binotatus (Spix, 1824)",-40.273333,-19.820278,1991,gbif
"Haddadus binotatus (Spix, 1824)",-40.273333,-19.820278,1991,gbif
"Haddadus binotatus (Spix, 1824)",-40.42,-20.263889,1990,gbif
"Haddadus binotatus (Spix, 1824)",-40.600278,-19.935556,1989,gbif
"Haddadus binotatus (Spix, 1824)",-40.42,-20.263889,1989,gbif
"Haddadus binotatus (Spix, 1824)",-40.42,-20.263889,1989,gbif
"Haddadus binotatus (Spix, 1824)",-40.406667,-19.9325,1989,gbif
"Haddadus binotatus (Spix, 1824)",-40.406667,-19.9325,1989,gbif
"Haddadus binotatus (Spix, 1824)",-40.406667,-19.9325,1989,gbif
"Haddadus binotatus (Spix, 1824)",-40.406667,-19.9325,1989,gbif
"Haddadus binotatus (Spix, 1824)",-40.406667,-19.9325,1989,gbif
"Haddadus binotatus (Spix, 1824)",-40.406667,-19.9325,1989,gbif
"Haddadus binotatus (Spix, 1824)",-40.406667,-19.9325,1989,gbif
"Haddadus binotatus (Spix, 1824)",-40.406667,-19.9325,1989,gbif
"Haddadus binotatus (Spix, 1824)",-40.406667,-19.9325,1989,gbif
"Haddadus binotatus (Spix, 1824)",-40.4975,-20.666667,1989,gbif
"Haddadus binotatus (Spix, 1824)",-40.4975,-20.666667,1989,gbif
"Haddadus binotatus (Spix, 1824)",-39.3167,-15.0946,1988,gbif
"Haddadus binotatus (Spix, 1824)",-47.23,-24.57,1988,gbif
"Haddadus binotatus (Spix, 1824)",-45.83,-23.63,1988,gbif
"Haddadus binotatus (Spix, 1824)",-47.23,-24.57,1988,gbif
"Haddadus binotatus (Spix, 1824)",-47.23,-24.57,1988,gbif
"Haddadus binotatus (Spix, 1824)",-47.23,-24.57,1988,gbif
"Haddadus binotatus (Spix, 1824)",-47.23,-24.57,1988,gbif
"Haddadus binotatus (Spix, 1824)",-47.23,-24.57,1988,gbif
"Haddadus binotatus (Spix, 1824)",-47.23,-24.57,1988,gbif
"Haddadus binotatus (Spix, 1824)",-47.23,-24.57,1988,gbif
"Haddadus binotatus (Spix, 1824)",-47.23,-24.57,1988,gbif
"Haddadus binotatus (Spix, 1824)",-47.23,-24.57,1988,gbif
"Haddadus binotatus (Spix, 1824)",-47.23,-24.57,1988,gbif
"Haddadus binotatus (Spix, 1824)",-47.23,-24.57,1988,gbif
"Haddadus binotatus (Spix, 1824)",-47.23,-24.57,1988,gbif
"Haddadus binotatus (Spix, 1824)",-47.23,-24.57,1988,gbif
"Haddadus binotatus (Spix, 1824)",-47.23,-24.57,1988,gbif
"Haddadus binotatus (Spix, 1824)",-47.23,-24.57,1988,gbif
"Haddadus binotatus (Spix, 1824)",-47.23,-24.57,1988,gbif
"Haddadus binotatus (Spix, 1824)",-47.23,-24.57,1988,gbif
"Haddadus binotatus (Spix, 1824)",-47.23,-24.57,1988,gbif
"Haddadus binotatus (Spix, 1824)",-47.23,-24.57,1988,gbif
"Haddadus binotatus (Spix, 1824)",-47.23,-24.57,1988,gbif
"Haddadus binotatus (Spix, 1824)",-47.23,-24.57,1988,gbif
"Haddadus binotatus (Spix, 1824)",-45.83,-23.63,1986,gbif
"Haddadus binotatus (Spix, 1824)",-41.184722,-20.603611,1986,gbif
"Haddadus binotatus (Spix, 1824)",-40.4975,-20.666667,1985,gbif
"Haddadus binotatus (Spix, 1824)",-40.4975,-20.666667,1985,gbif
"Haddadus binotatus (Spix, 1824)",-40.4975,-20.666667,1985,gbif
"Haddadus binotatus (Spix, 1824)",-45.83,-23.63,1984,gbif
"Haddadus binotatus (Spix, 1824)",-45.83,-23.63,1984,gbif
"Haddadus binotatus (Spix, 1824)",-45.83,-23.63,1984,gbif
"Haddadus binotatus (Spix, 1824)",-54.83,-23.63,1983,gbif
"Haddadus binotatus (Spix, 1824)",-54.83,-23.63,1983,gbif
"Haddadus binotatus (Spix, 1824)",-49.2164,-26.7333,1982,gbif
"Haddadus binotatus (Spix, 1824)",-40.58,-19.83,1978,gbif
"Haddadus binotatus (Spix, 1824)",-40.58,-19.83,1978,gbif
"Haddadus binotatus (Spix, 1824)",-40.58,-19.83,1978,gbif
"Haddadus binotatus (Spix, 1824)",-40.58,-19.83,1978,gbif
"Haddadus binotatus (Spix, 1824)",-40.58,-19.83,1978,gbif
"Haddadus binotatus (Spix, 1824)",-40.58,-19.83,1978,gbif
"Haddadus binotatus (Spix, 1824)",-40.58,-19.83,1978,gbif
"Haddadus binotatus (Spix, 1824)",-40.58,-19.83,1978,gbif
"Haddadus binotatus (Spix, 1824)",-40.58,-19.83,1978,gbif
"Haddadus binotatus (Spix, 1824)",-40.58,-19.83,1978,gbif
"Haddadus binotatus (Spix, 1824)",-40.58,-19.83,1978,gbif
"Haddadus binotatus (Spix, 1824)",-40.58,-19.83,1978,gbif
"Haddadus binotatus (Spix, 1824)",-40.58,-19.83,1978,gbif
"Haddadus binotatus (Spix, 1824)",-40.58,-19.83,1978,gbif
"Haddadus binotatus (Spix, 1824)",-40.58,-19.83,1978,gbif
"Haddadus binotatus (Spix, 1824)",-48.9742,-25.4,1978,gbif
"Haddadus binotatus (Spix, 1824)",-48.93,-26.2,1978,gbif
"Haddadus binotatus (Spix, 1824)",-48.93,-26.2,1978,gbif
"Haddadus binotatus (Spix, 1824)",-48.93,-26.2,1978,gbif
"Haddadus binotatus (Spix, 1824)",-48.93,-26.2,1978,gbif
"Haddadus binotatus (Spix, 1824)",-45.83,-23.63,1977,gbif
"Haddadus binotatus (Spix, 1824)",-45.83,-23.63,1977,gbif
"Haddadus binotatus (Spix, 1824)",-45.83,-23.63,1977,gbif
"Haddadus binotatus (Spix, 1824)",-45.83,-23.63,1977,gbif
"Haddadus binotatus (Spix, 1824)",-45.83,-23.63,1977,gbif
"Haddadus binotatus (Spix, 1824)",-45.83,-23.63,1977,gbif
"Haddadus binotatus (Spix, 1824)",-45.83,-23.63,1977,gbif
"Haddadus binotatus (Spix, 1824)",-45.83,-23.63,1977,gbif
"Haddadus binotatus (Spix, 1824)",-40.58,-19.83,1977,gbif
"Haddadus binotatus (Spix, 1824)",-40.58,-19.83,1977,gbif
"Haddadus binotatus (Spix, 1824)",-40.58,-19.83,1977,gbif
"Haddadus binotatus (Spix, 1824)",-40.58,-19.83,1977,gbif
"Haddadus binotatus (Spix, 1824)",-40.58,-19.83,1977,gbif
"Haddadus binotatus (Spix, 1824)",-40.58,-19.83,1977,gbif
"Haddadus binotatus (Spix, 1824)",-40.58,-19.83,1977,gbif
"Haddadus binotatus (Spix, 1824)",-40.58,-19.83,1977,gbif
"Haddadus binotatus (Spix, 1824)",-40.58,-19.83,1977,gbif
"Haddadus binotatus (Spix, 1824)",-40.58,-19.83,1977,gbif
"Haddadus binotatus (Spix, 1824)",-40.58,-19.83,1977,gbif
"Haddadus binotatus (Spix, 1824)",-40.58,-19.83,1977,gbif
"Haddadus binotatus (Spix, 1824)",-42.98,-22.43,1977,gbif
"Haddadus binotatus (Spix, 1824)",-40.58,-19.83,1977,gbif
"Haddadus binotatus (Spix, 1824)",-40.58,-19.83,1977,gbif
"Haddadus binotatus (Spix, 1824)",-40.58,-19.83,1977,gbif
"Haddadus binotatus (Spix, 1824)",-40.58,-19.83,1977,gbif
"Haddadus binotatus (Spix, 1824)",-40.58,-19.83,1977,gbif
"Haddadus binotatus (Spix, 1824)",-40.58,-19.83,1977,gbif
"Haddadus binotatus (Spix, 1824)",-40.58,-19.83,1977,gbif
"Haddadus binotatus (Spix, 1824)",-40.58,-19.83,1977,gbif
"Haddadus binotatus (Spix, 1824)",-40.58,-19.83,1977,gbif
"Haddadus binotatus (Spix, 1824)",-40.58,-19.83,1977,gbif
"Haddadus binotatus (Spix, 1824)",-40.58,-19.83,1977,gbif
"Haddadus binotatus (Spix, 1824)",-40.58,-19.83,1977,gbif
"Haddadus binotatus (Spix, 1824)",-40.58,-19.83,1977,gbif
"Haddadus binotatus (Spix, 1824)",-40.58,-19.83,1977,gbif
"Haddadus binotatus (Spix, 1824)",-40.58,-19.83,1977,gbif
"Haddadus binotatus (Spix, 1824)",-40.58,-19.83,1977,gbif
"Haddadus binotatus (Spix, 1824)",-40.58,-19.83,1977,gbif
"Haddadus binotatus (Spix, 1824)",-40.58,-19.83,1977,gbif
"Haddadus binotatus (Spix, 1824)",-40.58,-19.83,1977,gbif
"Haddadus binotatus (Spix, 1824)",-45.83,-23.63,1976,gbif
"Haddadus binotatus (Spix, 1824)",-45.83,-23.63,1976,gbif
"Haddadus binotatus (Spix, 1824)",-45.83,-23.63,1976,gbif
"Haddadus binotatus (Spix, 1824)",-45.83,-23.63,1976,gbif
"Haddadus binotatus (Spix, 1824)",-45.83,-23.63,1976,gbif
"Haddadus binotatus (Spix, 1824)",-45.83,-23.63,1975,gbif
"Haddadus binotatus (Spix, 1824)",-45.83,-23.63,1975,gbif
"Haddadus binotatus (Spix, 1824)",-45.83,-23.63,1975,gbif
"Haddadus binotatus (Spix, 1824)",-45.83,-23.63,1975,gbif
"Haddadus binotatus (Spix, 1824)",-45.83,-23.63,1975,gbif
"Haddadus binotatus (Spix, 1824)",-45.83,-23.63,1975,gbif
"Haddadus binotatus (Spix, 1824)",-45.83,-23.63,1975,gbif
"Haddadus binotatus (Spix, 1824)",-40.6,-19.9167,1974,gbif
"Haddadus binotatus (Spix, 1824)",-40.6,-19.9167,1974,gbif
"Haddadus binotatus (Spix, 1824)",-40.6,-19.9167,1974,gbif
"Haddadus binotatus (Spix, 1824)",-40.6,-19.9167,1974,gbif
"Haddadus binotatus (Spix, 1824)",-41.184722,-20.603611,1973,gbif
"Haddadus binotatus (Spix, 1824)",-41.184722,-20.603611,1973,gbif
"Haddadus binotatus (Spix, 1824)",-41.184722,-20.603611,1973,gbif
"Haddadus binotatus (Spix, 1824)",-40.150556,-18.030278,1973,gbif
"Haddadus binotatus (Spix, 1824)",-40.600278,-19.935556,1973,gbif
"Haddadus binotatus (Spix, 1824)",-40.600278,-19.935556,1973,gbif
"Haddadus binotatus (Spix, 1824)",-40.600278,-19.935556,1972,gbif
"Haddadus binotatus (Spix, 1824)",-40.600278,-19.935556,1972,gbif
"Haddadus binotatus (Spix, 1824)",-40.273333,-19.820278,1972,gbif
"Haddadus binotatus (Spix, 1824)",-40.273333,-19.820278,1972,gbif
"Haddadus binotatus (Spix, 1824)",-40.273333,-19.820278,1972,gbif
"Haddadus binotatus (Spix, 1824)",-40.273333,-19.820278,1972,gbif
"Haddadus binotatus (Spix, 1824)",-40.273333,-19.820278,1972,gbif
"Haddadus binotatus (Spix, 1824)",-40.273333,-19.820278,1972,gbif
"Haddadus binotatus (Spix, 1824)",-40.273333,-19.820278,1972,gbif
"Haddadus binotatus (Spix, 1824)",-40.273333,-19.820278,1972,gbif
"Haddadus binotatus (Spix, 1824)",-40.273333,-19.820278,1972,gbif
"Haddadus binotatus (Spix, 1824)",-40.273333,-19.820278,1972,gbif
"Haddadus binotatus (Spix, 1824)",-40.273333,-19.820278,1972,gbif
"Haddadus binotatus (Spix, 1824)",-39.858889,-18.716111,1972,gbif
"Haddadus binotatus (Spix, 1824)",-39.858889,-18.716111,1972,gbif
"Haddadus binotatus (Spix, 1824)",-39.732222,-18.593333,1972,gbif
"Haddadus binotatus (Spix, 1824)",-39.732222,-18.593333,1972,gbif
"Haddadus binotatus (Spix, 1824)",-39.732222,-18.593333,1972,gbif
"Haddadus binotatus (Spix, 1824)",-39.732222,-18.593333,1972,gbif
"Haddadus binotatus (Spix, 1824)",-39.732222,-18.593333,1972,gbif
"Haddadus binotatus (Spix, 1824)",-39.732222,-18.593333,1972,gbif
"Haddadus binotatus (Spix, 1824)",-39.732222,-18.593333,1972,gbif
"Haddadus binotatus (Spix, 1824)",-40.600278,-19.935556,1971,gbif
"Haddadus binotatus (Spix, 1824)",-40.600278,-19.935556,1971,gbif
"Haddadus binotatus (Spix, 1824)",-40.600278,-19.935556,1970,gbif
"Haddadus binotatus (Spix, 1824)",-41.112778,-20.848889,1970,gbif
"Haddadus binotatus (Spix, 1824)",-41.112778,-20.848889,1970,gbif
"Haddadus binotatus (Spix, 1824)",-41.112778,-20.848889,1970,gbif
"Haddadus binotatus (Spix, 1824)",-41.112778,-20.848889,1970,gbif
"Haddadus binotatus (Spix, 1824)",-41.112778,-20.848889,1970,gbif
"Haddadus binotatus (Spix, 1824)",-41.112778,-20.848889,1970,gbif
"Haddadus binotatus (Spix, 1824)",-41.112778,-20.848889,1970,gbif
"Haddadus binotatus (Spix, 1824)",-40.600278,-19.935556,1970,gbif
"Haddadus binotatus (Spix, 1824)",-40.600278,-19.935556,1970,gbif
"Haddadus binotatus (Spix, 1824)",-40.600278,-19.935556,1970,gbif
"Haddadus binotatus (Spix, 1824)",-40.600278,-19.935556,1970,gbif
"Haddadus binotatus (Spix, 1824)",-40.600278,-19.935556,1970,gbif
"Haddadus binotatus (Spix, 1824)",-40.600278,-19.935556,1970,gbif
"Haddadus binotatus (Spix, 1824)",-40.600278,-19.935556,1970,gbif
"Haddadus binotatus (Spix, 1824)",-40.600278,-19.935556,1969,gbif
"Eleutherodactylus binotatus (Spix, 1824)",-43.2739,-22.9619,1967,gbif
"Haddadus binotatus (Spix, 1824)",-43.2333,-22.9,1967,gbif
"Eleutherodactylus binotatus (Spix, 1824)",-43.23333,-22.93333,1965,gbif
"Haddadus binotatus (Spix, 1824)",-43.2333,-22.9333,1965,gbif
"Eleutherodactylus binotatus (Spix, 1824)",-45.85,-23.53333,1965,gbif
"Haddadus binotatus (Spix, 1824)",-43.2333,-22.9333,1965,gbif
"Haddadus binotatus (Spix, 1824)",-43.2333,-22.9333,1965,gbif
"Eleutherodactylus binotatus (Spix, 1824)",-43.23333,-22.93333,1965,gbif
"Eleutherodactylus binotatus (Spix, 1824)",-45.85,-23.53333,1965,gbif
"Haddadus binotatus (Spix, 1824)",-43.5,-22.91667,1965,gbif
"Haddadus binotatus (Spix, 1824)",-43.2333,-22.9333,1965,gbif
"Eleutherodactylus binotatus (Spix, 1824)",-43.23333,-22.93333,1965,gbif
"Haddadus binotatus (Spix, 1824)",-43.2333,-22.9333,1965,gbif
"Haddadus binotatus (Spix, 1824)",-43.23333,-22.93333,1964,gbif
"Haddadus binotatus (Spix, 1824)",-43.23333,-22.93333,1964,gbif
"Haddadus binotatus (Spix, 1824)",-43.23333,-22.93333,1964,gbif
"Haddadus binotatus (Spix, 1824)",-43.23333,-22.93333,1964,gbif
"Haddadus binotatus (Spix, 1824)",-43.23333,-22.93333,1964,gbif
"Eleutherodactylus binotatus (Spix, 1824)",-43.5,-22.91667,1963,gbif
"Eleutherodactylus binotatus (Spix, 1824)",-43.5,-22.91667,1963,gbif
"Eleutherodactylus binotatus (Spix, 1824)",-43.3,-22.93333,1963,gbif
"Eleutherodactylus binotatus (Spix, 1824)",-43.5,-22.91667,1963,gbif
"Eleutherodactylus binotatus (Spix, 1824)",-43.5,-22.91667,1963,gbif
"Haddadus binotatus (Spix, 1824)",-46.3333,-23.8922,1962,gbif
"Eleutherodactylus binotatus (Spix, 1824)",-46.31667,-23.78333,1959,gbif
"Eleutherodactylus binotatus (Spix, 1824)",-46.31667,-23.78333,1959,gbif
"Eleutherodactylus binotatus (Spix, 1824)",-46.31667,-23.78333,1959,gbif
"Haddadus binotatus (Spix, 1824)",-46.31667,-23.78333,1959,gbif
"Haddadus binotatus (Spix, 1824)",-46.31667,-23.78333,1959,gbif
"Haddadus binotatus (Spix, 1824)",-46.31667,-23.78333,1957,gbif
"Haddadus binotatus (Spix, 1824)",-46.6167,-23.5333,1948,gbif
"Eleutherodactylus binotatus (Spix, 1824)",-45.85,-23.53333,1948,gbif
"Eleutherodactylus binotatus (Spix, 1824)",-44.71667,-23.21667,1946,gbif
"Eleutherodactylus binotatus (Spix, 1824)",-44.71667,-23.21667,1946,gbif
"Eleutherodactylus binotatus (Spix, 1824)",-39.03333,-14.81667,1944,gbif
"Eleutherodactylus binotatus (Spix, 1824)",-39.03333,-14.81667,1944,gbif
"Eleutherodactylus binotatus (Spix, 1824)",-39.03333,-14.81667,1944,gbif
"Eleutherodactylus binotatus (Spix, 1824)",-39.03333,-14.81667,1944,gbif
"Eleutherodactylus binotatus (Spix, 1824)",-40.6,-19.91667,1942,gbif
"Eleutherodactylus binotatus (Spix, 1824)",-44.84102,-23.10174,1941,gbif
"Eleutherodactylus binotatus (Spix, 1824)",-44.84102,-23.10174,1941,gbif
"Haddadus binotatus (Spix, 1824)",-43.2333,-22.9333,1935,gbif
"Haddadus binotatus (Spix, 1824)",-43.35,-22.9167,1935,gbif
"Haddadus binotatus (Spix, 1824)",-42.98,-22.43,1935,gbif
"Haddadus binotatus (Spix, 1824)",-42.5333,-22.2667,1935,gbif
"Haddadus binotatus (Spix, 1824)",-43.2333,-22.9333,1933,gbif
"Eleutherodactylus binotatus (Spix, 1824)",-42.5,-22,1930,gbif
"Eleutherodactylus binotatus (Spix, 1824)",-42.5,-22,1930,gbif
"Eleutherodactylus binotatus (Spix, 1824)",-42.5,-22,1930,gbif
"Eleutherodactylus binotatus (Spix, 1824)",-42.5,-22,1930,gbif
"Haddadus binotatus (Spix, 1824)",-43.2333,-22.9333,1927,gbif
"Haddadus binotatus (Spix, 1824)",-44.3,-23,1925,gbif
"Haddadus binotatus (Spix, 1824)",-44.3,-23,1924,gbif
"Haddadus binotatus (Spix, 1824)",-44.3,-23,1924,gbif
"Eleutherodactylus binotatus (Spix, 1824)",-43.233333,-22.9,1922,gbif
"Eleutherodactylus binotatus (Spix, 1824)",-46.316667,-23.783333,1922,gbif
"Eleutherodactylus binotatus (Spix, 1824)",-43.233333,-22.9,1922,gbif
"Haddadus binotatus (Spix, 1824)",-40.746111,-20.040556,NA,gbif
"Haddadus binotatus (Spix, 1824)",-45.069722,-23.430278,NA,gbif
"Haddadus binotatus (Spix, 1824)",-46.188056,-23.523056,NA,gbif
"Haddadus binotatus (Spix, 1824)",-46.188056,-23.523056,NA,gbif
"Haddadus binotatus (Spix, 1824)",-45.069722,-23.430278,NA,gbif
"Haddadus binotatus (Spix, 1824)",-46.188056,-23.523056,NA,gbif
"Haddadus binotatus (Spix, 1824)",-40.600278,-19.935833,NA,gbif
"Haddadus binotatus (Spix, 1824)",-45.069722,-23.430278,NA,gbif
"Haddadus binotatus (Spix, 1824)",-40.071944,-19.391111,NA,gbif
"Haddadus binotatus (Spix, 1824)",-46.529722,-23.66,NA,gbif
"Haddadus binotatus (Spix, 1824)",-46.188056,-23.523056,NA,gbif
"Haddadus binotatus (Spix, 1824)",-48.36,-24.090278,NA,gbif
"Haddadus binotatus (Spix, 1824)",-46.529722,-23.66,NA,gbif
"Haddadus binotatus (Spix, 1824)",-40.600278,-19.935833,NA,gbif
"Haddadus binotatus (Spix, 1824)",-46.188056,-23.523056,NA,gbif
"Haddadus binotatus (Spix, 1824)",-46.352222,-23.376944,NA,gbif
"Haddadus binotatus (Spix, 1824)",-46.529722,-23.66,NA,gbif
"Haddadus binotatus (Spix, 1824)",-48.36,-24.090278,NA,gbif
"Haddadus binotatus (Spix, 1824)",-46.188056,-23.523056,NA,gbif
"Haddadus binotatus (Spix, 1824)",-45.88,-23.39,NA,gbif
"Haddadus binotatus (Spix, 1824)",-46.366389,-23.373333,NA,gbif
"Haddadus binotatus (Spix, 1824)",-46.529722,-23.66,NA,gbif
"Haddadus binotatus (Spix, 1824)",-42.608,-22.375,NA,gbif
"Haddadus binotatus (Spix, 1824)",-46.002778,-23.248889,NA,gbif
"Haddadus binotatus (Spix, 1824)",-39.280278,-14.785833,NA,gbif
"Haddadus binotatus (Spix, 1824)",-48.35,-23.4,NA,gbif
"Haddadus binotatus (Spix, 1824)",-48.34,-24,NA,gbif
"Haddadus binotatus (Spix, 1824)",-46.529722,-23.66,NA,gbif
"Haddadus binotatus (Spix, 1824)",-46.529722,-23.66,NA,gbif
"Haddadus binotatus (Spix, 1824)",-45.069722,-23.430278,NA,gbif
"Haddadus binotatus (Spix, 1824)",-41.850722,-20.419389,NA,gbif
"Haddadus binotatus (Spix, 1824)",-47.549722,-24.700278,NA,gbif
"Haddadus binotatus (Spix, 1824)",-46.188056,-23.523056,NA,gbif
"Haddadus binotatus (Spix, 1824)",-46.355278,-23.376111,NA,gbif
"Haddadus binotatus (Spix, 1824)",-45.069722,-23.430278,NA,gbif
"Haddadus binotatus (Spix, 1824)",-48.35,-23.4,NA,gbif
"Haddadus binotatus (Spix, 1824)",-46.88,-23.180278,NA,gbif
"Haddadus binotatus (Spix, 1824)",-46,-23.249167,NA,gbif
"Haddadus binotatus (Spix, 1824)",-39.280278,-14.785833,NA,gbif
"Haddadus binotatus (Spix, 1824)",-41.851972,-20.421417,NA,gbif
"Haddadus binotatus (Spix, 1824)",-45.069722,-23.430278,NA,gbif
"Haddadus binotatus (Spix, 1824)",-45.933333,-23.066667,NA,gbif
"Haddadus binotatus (Spix, 1824)",-45.136,-23.345,NA,gbif
"Haddadus binotatus (Spix, 1824)",-45.84,-23.530278,NA,gbif
"Haddadus binotatus (Spix, 1824)",-45.069722,-23.430278,NA,gbif
"Haddadus binotatus (Spix, 1824)",-47.549722,-24.700278,NA,gbif
"Haddadus binotatus (Spix, 1824)",-45.069722,-23.430278,NA,gbif
"Haddadus binotatus (Spix, 1824)",-45.31,-23.22,NA,gbif
"Haddadus binotatus (Spix, 1824)",-47.549722,-24.700278,NA,gbif
"Haddadus binotatus (Spix, 1824)",-45.88,-23.39,NA,gbif
"Haddadus binotatus (Spix, 1824)",-40.071944,-19.391111,NA,gbif
"Haddadus binotatus (Spix, 1824)",-44.855,-22.545556,NA,gbif
"Haddadus binotatus (Spix, 1824)",-45.069722,-23.430278,NA,gbif
"Haddadus binotatus (Spix, 1824)",-46.188056,-23.523056,NA,gbif
"Haddadus binotatus (Spix, 1824)",-45.069722,-23.430278,NA,gbif
"Haddadus binotatus (Spix, 1824)",-46.000278,-23.258889,NA,gbif
"Haddadus binotatus (Spix, 1824)",-45.933333,-23.066667,NA,gbif
"Haddadus binotatus (Spix, 1824)",-46.188056,-23.523056,NA,gbif
"Haddadus binotatus (Spix, 1824)",-45.069722,-23.430278,NA,gbif
"Haddadus binotatus (Spix, 1824)",-44.855278,-22.545,NA,gbif
"Haddadus binotatus (Spix, 1824)",-45.069722,-23.430278,NA,gbif
"Haddadus binotatus (Spix, 1824)",-46.13,-23.850278,NA,gbif
"Haddadus binotatus (Spix, 1824)",-46.188056,-23.523056,NA,gbif
"Haddadus binotatus (Spix, 1824)",-46.188056,-23.523056,NA,gbif
"Haddadus binotatus (Spix, 1824)",-40.071944,-19.391111,NA,gbif
"Haddadus binotatus (Spix, 1824)",-46.188056,-23.523056,NA,gbif
"Haddadus binotatus (Spix, 1824)",-46.188056,-23.523056,NA,gbif
"Haddadus binotatus (Spix, 1824)",-46.3525,-23.377222,NA,gbif
"Haddadus binotatus (Spix, 1824)",-45.069722,-23.430278,NA,gbif
"Haddadus binotatus (Spix, 1824)",-40.600278,-19.935833,NA,gbif
"Haddadus binotatus (Spix, 1824)",-40.307778,-20.128611,NA,gbif
"Haddadus binotatus (Spix, 1824)",-46.188056,-23.523056,NA,gbif
"Haddadus binotatus (Spix, 1824)",-41.916,-21.877,NA,gbif
"Haddadus binotatus (Spix, 1824)",-40.273333,-19.820278,NA,gbif
"Haddadus binotatus (Spix, 1824)",-46.389722,-23.96,NA,gbif
"Haddadus binotatus (Spix, 1824)",-47.549722,-24.700278,NA,gbif
"Haddadus binotatus (Spix, 1824)",-47.549722,-24.700278,NA,gbif
"Haddadus binotatus (Spix, 1824)",-48.35,-23.4,NA,gbif
"Haddadus binotatus (Spix, 1824)",-46.0025,-23.249444,NA,gbif
"Haddadus binotatus (Spix, 1824)",-45.136,-23.345,NA,gbif
"Haddadus binotatus (Spix, 1824)",-46.389722,-23.96,NA,gbif
"Haddadus binotatus (Spix, 1824)",-40.600278,-19.935556,NA,gbif
"Haddadus binotatus (Spix, 1824)",-47.919722,-24.38,NA,gbif
"Haddadus binotatus (Spix, 1824)",-48.9333,-27.7333,NA,gbif
"Haddadus binotatus (Spix, 1824)",-48.34,-24,NA,gbif
"Haddadus binotatus (Spix, 1824)",-46.389722,-23.96,NA,gbif
"Eleutherodactylus binotatus (Spix, 1824)",-43.23333,-22.93333,NA,gbif
"Haddadus binotatus (Spix, 1824)",-46.188056,-23.523056,NA,gbif
"Haddadus binotatus (Spix, 1824)",-40.071944,-19.391111,NA,gbif
"Haddadus binotatus (Spix, 1824)",-45.069722,-23.430278,NA,gbif
"Haddadus binotatus (Spix, 1824)",-40.071944,-19.391111,NA,gbif
"Eleutherodactylus binotatus (Spix, 1824)",-37.41667,-11.41667,1991,gbif
"Eleutherodactylus binotatus (Spix, 1824)",-37.41667,-11.41667,1991,gbif
"Eleutherodactylus binotatus (Spix, 1824)",-37.41667,-11.41667,1991,gbif
"Eleutherodactylus binotatus (Spix, 1824)",-43.2739,-22.9619,1967,gbif
"Eleutherodactylus binotatus (Spix, 1824)",-43.23333,-22.93333,1965,gbif
"Eleutherodactylus binotatus (Spix, 1824)",-45.85,-23.53333,1965,gbif
"Eleutherodactylus binotatus (Spix, 1824)",-43.23333,-22.93333,1965,gbif
"Eleutherodactylus binotatus (Spix, 1824)",-45.85,-23.53333,1965,gbif
"Eleutherodactylus binotatus (Spix, 1824)",-43.23333,-22.93333,1965,gbif
"Eleutherodactylus binotatus (Spix, 1824)",-43.5,-22.91667,1963,gbif
"Eleutherodactylus binotatus (Spix, 1824)",-43.5,-22.91667,1963,gbif
"Eleutherodactylus binotatus (Spix, 1824)",-43.3,-22.93333,1963,gbif
"Eleutherodactylus binotatus (Spix, 1824)",-43.5,-22.91667,1963,gbif
"Eleutherodactylus binotatus (Spix, 1824)",-43.5,-22.91667,1963,gbif
"Eleutherodactylus binotatus (Spix, 1824)",-46.31667,-23.78333,1959,gbif
"Eleutherodactylus binotatus (Spix, 1824)",-46.31667,-23.78333,1959,gbif
"Eleutherodactylus binotatus (Spix, 1824)",-46.31667,-23.78333,1959,gbif
"Eleutherodactylus binotatus (Spix, 1824)",-45.85,-23.53333,1948,gbif
"Eleutherodactylus binotatus (Spix, 1824)",-44.71667,-23.21667,1946,gbif
"Eleutherodactylus binotatus (Spix, 1824)",-44.71667,-23.21667,1946,gbif
"Eleutherodactylus binotatus (Spix, 1824)",-39.03333,-14.81667,1944,gbif
"Eleutherodactylus binotatus (Spix, 1824)",-39.03333,-14.81667,1944,gbif
"Eleutherodactylus binotatus (Spix, 1824)",-39.03333,-14.81667,1944,gbif
"Eleutherodactylus binotatus (Spix, 1824)",-39.03333,-14.81667,1944,gbif
"Eleutherodactylus binotatus (Spix, 1824)",-40.6,-19.91667,1942,gbif
"Eleutherodactylus binotatus (Spix, 1824)",-44.84102,-23.10174,1941,gbif
"Eleutherodactylus binotatus (Spix, 1824)",-44.84102,-23.10174,1941,gbif
"Eleutherodactylus binotatus (Spix, 1824)",-42.5,-22,1930,gbif
"Eleutherodactylus binotatus (Spix, 1824)",-42.5,-22,1930,gbif
"Eleutherodactylus binotatus (Spix, 1824)",-42.5,-22,1930,gbif
"Eleutherodactylus binotatus (Spix, 1824)",-42.5,-22,1930,gbif
"Eleutherodactylus binotatus (Spix, 1824)",-43.233333,-22.9,1922,gbif
"Eleutherodactylus binotatus (Spix, 1824)",-46.316667,-23.783333,1922,gbif
"Eleutherodactylus binotatus (Spix, 1824)",-43.233333,-22.9,1922,gbif
"Eleutherodactylus binotatus (Spix, 1824)",-43.23333,-22.93333,NA,gbif
Haddadus binotatus,-43.4111022949,-22.5632932447,2014,inat
Haddadus binotatus,-43.9026905793,-22.6190735857,2014,inat
Haddadus binotatus,-43.9040638703,-22.6216088834,2018,inat
Haddadus binotatus,-43.9034882,-22.6277604,2018,inat
Haddadus binotatus,-44.5495493,-22.3940102,2018,inat
Haddadus binotatus,-43.4356922,-22.6035222,2018,inat
Haddadus binotatus,-43.2293768403,-22.9684817445,2014,inat
Haddadus binotatus,-48.6130561829,-26.2700004578,2019,inat
Haddadus binotatus,-44.123505192,-22.9817723082,2019,inat
Haddadus binotatus,-49.0183111111,-26.8863972222,2017,inat
Haddadus binotatus,-47.5730605423,-22.4188766353,NA,inat
Haddadus binotatus,-44.7703216667,-23.209505,2019,inat
Haddadus binotatus,-48.8978601,-27.096556,2013,inat
Haddadus binotatus,-49.47397995,-28.6781196594,2018,inat
Haddadus binotatus,-43.646568,-20.299837,2011,inat
Haddadus binotatus,-48.9137033746,-26.4529134001,2018,inat
Haddadus binotatus,-43.0116616481,-22.9531317058,2018,inat
Haddadus binotatus,-46.1703923455,-23.4872597779,2017,inat
Haddadus binotatus,-42.9925613641,-22.4737761169,2009,inat
Haddadus binotatus,-46.3017082214,-23.7816140798,2016,inat
Haddadus binotatus,-42.8586297,-20.8023191,2013,inat
Haddadus binotatus,-44.6284689,-22.3698218,2014,inat
Haddadus binotatus,-45.325205,-21.936627,2006,inat
Haddadus binotatus,-42.768,-22.432,2015,inat
Haddadus binotatus,-40.3493499756,-19.8025628731,2005,inat
Haddadus binotatus,-43.4111022949,-22.5632932447,2014,inat
Haddadus binotatus,-43.9026905793,-22.6190735857,2014,inat
Haddadus binotatus,-43.9040638703,-22.6216088834,2018,inat
Haddadus binotatus,-43.9034882,-22.6277604,2018,inat
Haddadus binotatus,-44.5495493,-22.3940102,2018,inat
Haddadus binotatus,-43.4356922,-22.6035222,2018,inat
Haddadus binotatus,-43.2293768403,-22.9684817445,2014,inat
Haddadus binotatus,-48.6130561829,-26.2700004578,2019,inat
Haddadus binotatus,-44.123505192,-22.9817723082,2019,inat
Haddadus binotatus,-49.0183111111,-26.8863972222,2017,inat
Haddadus binotatus,-47.5730605423,-22.4188766353,NA,inat
Haddadus binotatus,-44.7703216667,-23.209505,2019,inat
Haddadus binotatus,-48.8978601,-27.096556,2013,inat
Haddadus binotatus,-49.47397995,-28.6781196594,2018,inat
Haddadus binotatus,-43.646568,-20.299837,2011,inat
Haddadus binotatus,-48.9137033746,-26.4529134001,2018,inat
Haddadus binotatus,-43.0116616481,-22.9531317058,2018,inat
Haddadus binotatus,-46.1703923455,-23.4872597779,2017,inat
Haddadus binotatus,-42.9925613641,-22.4737761169,2009,inat
Haddadus binotatus,-46.3017082214,-23.7816140798,2016,inat
Haddadus binotatus,-42.8586297,-20.8023191,2013,inat
Haddadus binotatus,-44.6284689,-22.3698218,2014,inat
Haddadus binotatus,-45.325205,-21.936627,2006,inat
Haddadus binotatus,-42.768,-22.432,2015,inat
Haddadus binotatus,-40.3493499756,-19.8025628731,2005,inat
"Eleutherodactylus binotatus (Spix, 1824)",-43.2739,-22.9619,1967,vertnet
Haddadus binotatus,-44.3,-23,1924,vertnet
Haddadus binotatus,-48.9333,-26.2,1978,vertnet
Haddadus binotatus,-42.5333,-22.2667,1935,vertnet
Haddadus binotatus,-43.2333,-22.9333,1933,vertnet
Haddadus binotatus,-44.3,-23,1925,vertnet
Haddadus binotatus,-44.3,-23,1924,vertnet
Haddadus binotatus,-48.9333,-26.2,1978,vertnet
Haddadus binotatus,-48.9333,-26.2,1978,vertnet
Haddadus binotatus,-43.35,-22.9167,1935,vertnet
Haddadus binotatus,-43.5,-22.91667,1965,vertnet
Haddadus binotatus,-48.9333,-26.2,1978,vertnet
Haddadus binotatus,-43.2333,-22.9333,1935,vertnet
Haddadus binotatus,-39.3167,-15.0946,1988,vertnet
Haddadus binotatus,-46.3333,-23.8922,1962,vertnet
Haddadus binotatus,-42.9833,-22.4333,1935,vertnet
Haddadus binotatus,-48.9742,-25.4,1978,vertnet
Haddadus binotatus,-46.6167,-23.5333,1948,vertnet
Haddadus binotatus,-49.2164,-26.7333,1982,vertnet
Haddadus binotatus,-43.2333,-22.9333,1965,vertnet
Haddadus binotatus,-43.2333,-22.9333,1965,vertnet
Haddadus binotatus,-43.2333,-22.9333,1927,vertnet
Haddadus binotatus,-43.2333,-22.9333,1965,vertnet
Haddadus binotatus,-43.2333,-22.9,1967,vertnet
Haddadus binotatus,-43.2333,-22.9333,1965,vertnet
Haddadus binotatus,-43.2333,-22.9333,1965,vertnet
Haddadus binotatus,-40.6,-19.9167,1974,vertnet
Haddadus binotatus,-40.6,-19.9167,1974,vertnet
Haddadus binotatus,-40.6,-19.9167,1974,vertnet
Haddadus binotatus,-40.6,-19.9167,1974,vertnet
Haddadus binotatus,-48.9333,-27.7333,NA,vertnet
Haddadus binotatus,-46.31667,-23.78333,1959,vertnet
Haddadus binotatus,-46.31667,-23.78333,1959,vertnet
Haddadus binotatus,-46.31667,-23.78333,1957,vertnet
Haddadus binotatus,-43.23333,-22.93333,1964,vertnet
Haddadus binotatus,-43.23333,-22.93333,1964,vertnet
Haddadus binotatus,-40.600278,-19.935556,1970,vertnet
Haddadus binotatus,-40.600278,-19.935556,1970,vertnet
Haddadus binotatus,-40.600278,-19.935556,1970,vertnet
Haddadus binotatus,-40.150556,-18.030278,1973,vertnet
Haddadus binotatus,-40.600278,-19.935556,1971,vertnet
Haddadus binotatus,-40.273333,-19.820278,1972,vertnet
Haddadus binotatus,-40.600278,-19.935556,1989,vertnet
Haddadus binotatus,-41.112778,-20.848889,1970,vertnet
Haddadus binotatus,-40.600278,-19.935556,1970,vertnet
Haddadus binotatus,-40.600278,-19.935556,1969,vertnet
Haddadus binotatus,-40.600278,-19.935556,1971,vertnet
Haddadus binotatus,-40.600278,-19.935556,1972,vertnet
Haddadus binotatus,-41.112778,-20.848889,1970,vertnet
Haddadus binotatus,-40.273333,-19.820278,1972,vertnet
Haddadus binotatus,-40.273333,-19.820278,1972,vertnet
Haddadus binotatus,-40.273333,-19.820278,1972,vertnet
Haddadus binotatus,-39.732222,-18.593333,1972,vertnet
Haddadus binotatus,-39.732222,-18.593333,1972,vertnet
Haddadus binotatus,-40.273333,-19.820278,1972,vertnet
Haddadus binotatus,-40.600278,-19.935556,1970,vertnet
Haddadus binotatus,-40.600278,-19.935556,1991,vertnet
Haddadus binotatus,-40.273333,-19.820278,1991,vertnet
Haddadus binotatus,-40.273333,-19.820278,1991,vertnet
Haddadus binotatus,-40.273333,-19.820278,1991,vertnet
Haddadus binotatus,-40.273333,-19.820278,1991,vertnet
Haddadus binotatus,-40.273333,-19.820278,1991,vertnet
Haddadus binotatus,-40.273333,-19.820278,1991,vertnet
Haddadus binotatus,-40.273333,-19.820278,1991,vertnet
Haddadus binotatus,-40.273333,-19.820278,1991,vertnet
Haddadus binotatus,-40.273333,-19.820278,1992,vertnet
Haddadus binotatus,-40.273333,-19.820278,1992,vertnet
Haddadus binotatus,-40.273333,-19.820278,1992,vertnet
Haddadus binotatus,-40.273333,-19.820278,1992,vertnet
Haddadus binotatus,-40.273333,-19.820278,1992,vertnet
Haddadus binotatus,-40.600278,-19.935556,1995,vertnet
Haddadus binotatus,-40.600278,-19.935556,1995,vertnet
Haddadus binotatus,-40.600278,-19.935556,1997,vertnet
Haddadus binotatus,-40.600278,-19.935556,1997,vertnet
Haddadus binotatus,-40.600278,-19.935556,1998,vertnet
Haddadus binotatus,-40.600278,-19.935556,1998,vertnet
Haddadus binotatus,-40.600278,-19.935556,1998,vertnet
Haddadus binotatus,-40.273333,-19.820278,1996,vertnet
Haddadus binotatus,-40.600278,-19.935556,1999,vertnet
Haddadus binotatus,-40.600278,-19.935556,2000,vertnet
Haddadus binotatus,-40.600278,-19.935556,2000,vertnet
Haddadus binotatus,-40.600278,-19.935556,2000,vertnet
Haddadus binotatus,-40.600278,-19.936389,2001,vertnet
Haddadus binotatus,-40.600278,-19.936389,2001,vertnet
Haddadus binotatus,-40.072222,-19.391111,2001,vertnet
Haddadus binotatus,-40.406667,-19.9325,2000,vertnet
Haddadus binotatus,-40.072222,-19.391111,2001,vertnet
Haddadus binotatus,-40.072222,-19.391111,2001,vertnet
Haddadus binotatus,-40.406667,-19.9325,2000,vertnet
Haddadus binotatus,-40.406667,-19.9325,2001,vertnet
Haddadus binotatus,-40.273333,-19.820278,1995,vertnet
Haddadus binotatus,-40.273333,-19.820278,1995,vertnet
Haddadus binotatus,-40.072222,-19.391111,2000,vertnet
Haddadus binotatus,-40.072222,-19.391111,2000,vertnet
Haddadus binotatus,-40.072222,-19.391111,2000,vertnet
Haddadus binotatus,-40.072222,-19.391111,2001,vertnet
Haddadus binotatus,-40.072222,-19.391111,2001,vertnet
Haddadus binotatus,-40.600278,-19.935556,2001,vertnet
Haddadus binotatus,-40.600278,-19.935556,2003,vertnet
Haddadus binotatus,-40.600278,-19.935556,2002,vertnet
Haddadus binotatus,-40.600278,-19.935556,2004,vertnet
Haddadus binotatus,-40.600278,-19.935556,2005,vertnet
Haddadus binotatus,-40.600278,-19.935556,2005,vertnet
Haddadus binotatus,-40.600278,-19.935556,2005,vertnet
Haddadus binotatus,-40.600278,-19.935556,2005,vertnet
Haddadus binotatus,-40.600278,-19.935556,2005,vertnet
Haddadus binotatus,-40.600278,-19.935556,2005,vertnet
Haddadus binotatus,-40.600278,-19.935556,2005,vertnet
Haddadus binotatus,-40.600278,-19.935556,2005,vertnet
Haddadus binotatus,-40.600278,-19.935556,2005,vertnet
Haddadus binotatus,-40.600278,-19.935556,2005,vertnet
Haddadus binotatus,-41.366667,-21.065,2002,vertnet
Haddadus binotatus,-40.600278,-19.935556,2005,vertnet
Haddadus binotatus,-40.600278,-19.935556,2005,vertnet
Haddadus binotatus,-40.600278,-19.935556,2005,vertnet
Haddadus binotatus,-40.600278,-19.935556,2005,vertnet
Haddadus binotatus,-40.600278,-19.935556,2005,vertnet
Haddadus binotatus,-40.600278,-19.935556,2005,vertnet
Haddadus binotatus,-40.600278,-19.935556,2005,vertnet
Haddadus binotatus,-40.600278,-19.935556,2005,vertnet
Haddadus binotatus,-40.600278,-19.935556,2005,vertnet
Haddadus binotatus,-40.600278,-19.935556,2005,vertnet
Haddadus binotatus,-40.600278,-19.935556,2005,vertnet
Haddadus binotatus,-40.600278,-19.935556,2005,vertnet
Haddadus binotatus,-40.600278,-19.935556,2005,vertnet
Haddadus binotatus,-40.600278,-19.935556,2005,vertnet
Haddadus binotatus,-40.600278,-19.935556,2005,vertnet
Haddadus binotatus,-40.600278,-19.935556,2005,vertnet
Haddadus binotatus,-40.600278,-19.935556,2005,vertnet
Haddadus binotatus,-40.363333,-18.126944,2006,vertnet
Haddadus binotatus,-40.363333,-18.126944,2006,vertnet
Haddadus binotatus,-40.363333,-18.126944,2006,vertnet
Haddadus binotatus,-40.600278,-19.935556,2006,vertnet
Haddadus binotatus,-40.600278,-19.935556,2005,vertnet
Haddadus binotatus,-40.600278,-19.935556,2006,vertnet
Haddadus binotatus,-40.600278,-19.935556,2006,vertnet
Haddadus binotatus,-40.600278,-19.935556,2006,vertnet
Haddadus binotatus,-40.600278,-19.935556,2006,vertnet
Haddadus binotatus,-40.600278,-19.935556,2006,vertnet
Haddadus binotatus,-40.600278,-19.935556,2006,vertnet
Haddadus binotatus,-40.4975,-20.666667,1985,vertnet
Haddadus binotatus,-40.4975,-20.666667,1985,vertnet
Haddadus binotatus,-40.42,-20.263889,2002,vertnet
Haddadus binotatus,-40.600278,-19.935556,1999,vertnet
Haddadus binotatus,-40.659167,-20.363333,2005,vertnet
Haddadus binotatus,-40.4975,-20.666667,1989,vertnet
Haddadus binotatus,-40.4975,-20.666667,1989,vertnet
Haddadus binotatus,-40.406667,-19.9325,1989,vertnet
Haddadus binotatus,-40.406667,-19.9325,1989,vertnet
Haddadus binotatus,-40.406667,-19.9325,1989,vertnet
Haddadus binotatus,-40.406667,-19.9325,1989,vertnet
Haddadus binotatus,-40.406667,-19.9325,1989,vertnet
Haddadus binotatus,-40.42,-20.263889,2002,vertnet
Haddadus binotatus,-40.072222,-19.391111,2003,vertnet
Haddadus binotatus,-40.746111,-20.040556,2005,vertnet
Haddadus binotatus,-40.746111,-20.040556,2005,vertnet
Haddadus binotatus,-40.746111,-20.040556,2005,vertnet
Haddadus binotatus,-40.746111,-20.040556,2005,vertnet
Haddadus binotatus,-40.746111,-20.040556,2004,vertnet
Haddadus binotatus,-40.746111,-20.040556,2005,vertnet
Haddadus binotatus,-40.746111,-20.040556,2004,vertnet
Haddadus binotatus,-40.746111,-20.040556,2004,vertnet
Haddadus binotatus,-40.746111,-20.040556,2004,vertnet
Haddadus binotatus,-40.746111,-20.040556,2005,vertnet
Haddadus binotatus,-40.746111,-20.040556,2004,vertnet
Haddadus binotatus,-40.746111,-20.040556,2004,vertnet
Haddadus binotatus,-40.746111,-20.040556,2005,vertnet
Haddadus binotatus,-40.746111,-20.040556,2005,vertnet
Haddadus binotatus,-40.600278,-19.935556,2006,vertnet
Haddadus binotatus,-40.471111,-20.551667,2007,vertnet
Haddadus binotatus,-40.801667,-20.550833,2007,vertnet
Haddadus binotatus,-40.801667,-20.550833,2007,vertnet
Haddadus binotatus,-40.801667,-20.550833,2007,vertnet
Haddadus binotatus,-40.801667,-20.550833,2007,vertnet
Haddadus binotatus,-40.801667,-20.550833,2007,vertnet
Haddadus binotatus,-40.801667,-20.550833,2007,vertnet
Haddadus binotatus,-40.416667,-20.266667,2001,vertnet
Haddadus binotatus,-40.416667,-20.266667,2001,vertnet
Haddadus binotatus,-40.466667,-20.266667,2001,vertnet
Haddadus binotatus,-40.416667,-20.266667,2001,vertnet
Haddadus binotatus,-40.416667,-20.266667,2001,vertnet
Haddadus binotatus,-40.416667,-20.266667,2001,vertnet
Haddadus binotatus,-40.416667,-20.266667,2004,vertnet
Haddadus binotatus,-40.416667,-20.266667,2004,vertnet
Haddadus binotatus,-40.416667,-20.266667,2001,vertnet
Haddadus binotatus,-40.533333,-19.95,2000,vertnet
Haddadus binotatus,-40.466667,-20.266667,2003,vertnet
Haddadus binotatus,-40.466667,-20.266667,2003,vertnet
Haddadus binotatus,-40.600278,-19.936389,2006,vertnet
Haddadus binotatus,-40.8,-20.533333,2008,vertnet
Haddadus binotatus,-40.8,-20.533333,2008,vertnet
Haddadus binotatus,-39.734167,-14.138056,2008,vertnet
Haddadus binotatus,-41.023056,-20.401944,2009,vertnet
"Eleutherodactylus binotatus (Spix, 1824)",-43.2333333,-22.9,1922,vertnet
"Eleutherodactylus binotatus (Spix, 1824)",-46.3166667,-23.7833333,1922,vertnet
Haddadus binotatus,-45.83,-23.63,1975,vertnet
Haddadus binotatus,-40.58,-19.83,1977,vertnet
Haddadus binotatus,-40.58,-19.83,1977,vertnet
Haddadus binotatus,-40.58,-19.83,1978,vertnet
Haddadus binotatus,-47.23,-24.57,1988,vertnet
Haddadus binotatus,-47.23,-24.57,1988,vertnet
Haddadus binotatus,-47.23,-24.57,1988,vertnet
Haddadus binotatus,-40.58,-19.83,1978,vertnet
Haddadus binotatus,-47.23,-24.57,1988,vertnet
Haddadus binotatus,-42.98,-22.43,1977,vertnet
Haddadus binotatus,-40.58,-19.83,1977,vertnet
Haddadus binotatus,-45.83,-23.63,1986,vertnet
Haddadus binotatus,-40.58,-19.83,1977,vertnet
Haddadus binotatus,-45.83,-23.63,1975,vertnet
Haddadus binotatus,-40.58,-19.83,1978,vertnet
Haddadus binotatus,-40.58,-19.83,1978,vertnet
Haddadus binotatus,-40.58,-19.83,1977,vertnet
Haddadus binotatus,-40.58,-19.83,1977,vertnet
Haddadus binotatus,-47.23,-24.57,1988,vertnet
Haddadus binotatus,-47.23,-24.57,1988,vertnet
Haddadus binotatus,-54.83,-23.63,1983,vertnet
Haddadus binotatus,-47.23,-24.57,1988,vertnet
Haddadus binotatus,-40.58,-19.83,1977,vertnet
Haddadus binotatus,-40.58,-19.83,1978,vertnet
Haddadus binotatus,-45.83,-23.63,1975,vertnet
Haddadus binotatus,-45.83,-23.63,1984,vertnet
Haddadus binotatus,-45.83,-23.63,1975,vertnet
Haddadus binotatus,-45.83,-23.63,1976,vertnet
Haddadus binotatus,-40.58,-19.83,1977,vertnet
Haddadus binotatus,-40.58,-19.83,1977,vertnet
Haddadus binotatus,-45.83,-23.63,1975,vertnet
Haddadus binotatus,-45.83,-23.63,1977,vertnet
Haddadus binotatus,-47.23,-24.57,1988,vertnet
Haddadus binotatus,-40.58,-19.83,1978,vertnet
Haddadus binotatus,-40.58,-19.83,1977,vertnet
Haddadus binotatus,-40.58,-19.83,1977,vertnet
Haddadus binotatus,-47.23,-24.57,1988,vertnet
Haddadus binotatus,-45.83,-23.63,1975,vertnet
Haddadus binotatus,-45.83,-23.63,1976,vertnet
Haddadus binotatus,-45.83,-23.63,1977,vertnet
Haddadus binotatus,-40.58,-19.83,1977,vertnet
Haddadus binotatus,-40.58,-19.83,1977,vertnet
Haddadus binotatus,-45.83,-23.63,1977,vertnet
Haddadus binotatus,-40.58,-19.83,1977,vertnet
Haddadus binotatus,-45.83,-23.63,1977,vertnet
Haddadus binotatus,-40.58,-19.83,1977,vertnet
Haddadus binotatus,-45.069722,-23.430278,1970,vertnet
Haddadus binotatus,-40.071944,-19.391111,1975,vertnet
Haddadus binotatus,-46.529722,-23.66,1983,vertnet
Haddadus binotatus,-45.84,-23.530278,1987,vertnet
Haddadus binotatus,-46.529722,-23.66,1987,vertnet
Haddadus binotatus,-40.600278,-19.935833,1989,vertnet
Haddadus binotatus,-40.600278,-19.935833,1989,vertnet
Haddadus binotatus,-40.600278,-19.935833,1989,vertnet
Haddadus binotatus,-39.280278,-14.785833,1990,vertnet
Haddadus binotatus,-39.280278,-14.785833,1990,vertnet
Haddadus binotatus,-47.919722,-24.38,1990,vertnet
Haddadus binotatus,-46.389722,-23.96,1989,vertnet
Haddadus binotatus,-46.389722,-23.96,1989,vertnet
Haddadus binotatus,-45.069722,-23.430278,1990,vertnet
Haddadus binotatus,-45.069722,-23.430278,1990,vertnet
Haddadus binotatus,-40.307778,-20.128611,1995,vertnet
Haddadus binotatus,-47.549722,-24.700278,1989,vertnet
Haddadus binotatus,-40.071944,-19.391111,1993,vertnet
Haddadus binotatus,-47.549722,-24.700278,1992,vertnet
Haddadus binotatus,-46.88,-23.180278,1979,vertnet
Haddadus binotatus,-45.069722,-23.430278,1996,vertnet
Haddadus binotatus,-46.188056,-23.523056,1998,vertnet
Haddadus binotatus,-46.188056,-23.523056,2000,vertnet
Haddadus binotatus,-46.188056,-23.523056,2000,vertnet
Haddadus binotatus,-46.188056,-23.523056,2000,vertnet
Haddadus binotatus,-46.188056,-23.523056,2001,vertnet
Haddadus binotatus,-46.188056,-23.523056,2002,vertnet
Haddadus binotatus,-45.88,-23.39,2002,vertnet
Haddadus binotatus,-45.069722,-23.430278,2001,vertnet
Haddadus binotatus,-46.13,-23.850278,2002,vertnet
Haddadus binotatus,-46.188056,-23.523056,2004,vertnet
Haddadus binotatus,-48.35,-23.4,2008,vertnet
Haddadus binotatus,-48.35,-23.4,2009,vertnet
Haddadus binotatus,-46.0025,-23.249444,2011,vertnet
Haddadus binotatus,-46.000278,-23.258889,2011,vertnet
Haddadus binotatus,-46,-23.249167,2011,vertnet
Haddadus binotatus,-44.855,-22.545556,2011,vertnet
Haddadus binotatus,-46.366389,-23.373333,2011,vertnet
Haddadus binotatus,-46.3525,-23.377222,2011,vertnet
Haddadus binotatus,-46.355278,-23.376111,2011,vertnet
Haddadus binotatus,-45.933333,-23.066667,2015,vertnet
Haddadus binotatus,-45.933333,-23.066667,2015,vertnet
Haddadus binotatus,-43.23333,-22.93333,1964,vertnet
Haddadus binotatus,-43.23333,-22.93333,1964,vertnet
Haddadus binotatus,-43.23333,-22.93333,1964,vertnet
Haddadus binotatus,-41.184722,-20.603611,1973,vertnet
Haddadus binotatus,-41.184722,-20.603611,1973,vertnet
Haddadus binotatus,-40.600278,-19.935556,1973,vertnet
Haddadus binotatus,-40.600278,-19.935556,1973,vertnet
Haddadus binotatus,-40.273333,-19.820278,1972,vertnet
Haddadus binotatus,-40.273333,-19.820278,1972,vertnet
Haddadus binotatus,-40.273333,-19.820278,1972,vertnet
Haddadus binotatus,-40.273333,-19.820278,1972,vertnet
Haddadus binotatus,-40.273333,-19.820278,1972,vertnet
Haddadus binotatus,-41.184722,-20.603611,1973,vertnet
Haddadus binotatus,-41.112778,-20.848889,1970,vertnet
Haddadus binotatus,-41.112778,-20.848889,1970,vertnet
Haddadus binotatus,-41.112778,-20.848889,1970,vertnet
Haddadus binotatus,-40.600278,-19.935556,1970,vertnet
Haddadus binotatus,-40.600278,-19.935556,1970,vertnet
Haddadus binotatus,-41.112778,-20.848889,1970,vertnet
Haddadus binotatus,-41.112778,-20.848889,1970,vertnet
Haddadus binotatus,-40.600278,-19.935556,1972,vertnet
Haddadus binotatus,-40.273333,-19.820278,1972,vertnet
Haddadus binotatus,-39.858889,-18.716111,1972,vertnet
Haddadus binotatus,-39.858889,-18.716111,1972,vertnet
Haddadus binotatus,-39.732222,-18.593333,1972,vertnet
Haddadus binotatus,-39.732222,-18.593333,1972,vertnet
Haddadus binotatus,-39.732222,-18.593333,1972,vertnet
Haddadus binotatus,-39.732222,-18.593333,1972,vertnet
Haddadus binotatus,-39.732222,-18.593333,1972,vertnet
Haddadus binotatus,-40.600278,-19.935556,1970,vertnet
Haddadus binotatus,-41.868611,-20.931667,1991,vertnet
Haddadus binotatus,-40.273333,-19.820278,1991,vertnet
Haddadus binotatus,-40.273333,-19.820278,1991,vertnet
Haddadus binotatus,-40.273333,-19.820278,1991,vertnet
Haddadus binotatus,-40.273333,-19.820278,1991,vertnet
Haddadus binotatus,-40.273333,-19.820278,1992,vertnet
Haddadus binotatus,-40.273333,-19.820278,1992,vertnet
Haddadus binotatus,-40.600278,-19.935556,1998,vertnet
Haddadus binotatus,-40.600278,-19.935556,1998,vertnet
Haddadus binotatus,-40.600278,-19.935556,1998,vertnet
Haddadus binotatus,-40.600278,-19.935556,1998,vertnet
Haddadus binotatus,-40.273333,-19.820278,1996,vertnet
Haddadus binotatus,-40.600278,-19.935556,1998,vertnet
Haddadus binotatus,-40.600278,-19.935556,1998,vertnet
Haddadus binotatus,-40.273333,-19.820278,1992,vertnet
Haddadus binotatus,-40.600278,-19.935556,1999,vertnet
Haddadus binotatus,-40.600278,-19.935556,1998,vertnet
Haddadus binotatus,-40.600278,-19.935556,1999,vertnet
Haddadus binotatus,-40.600278,-19.935556,1999,vertnet
Haddadus binotatus,-40.600278,-19.935556,1999,vertnet
Haddadus binotatus,-40.600278,-19.935556,1999,vertnet
Haddadus binotatus,-40.600278,-19.936389,2001,vertnet
Haddadus binotatus,-40.600278,-19.935556,1999,vertnet
Haddadus binotatus,-40.600278,-19.935556,2001,vertnet
Haddadus binotatus,-40.072222,-19.391111,2001,vertnet
Haddadus binotatus,-40.072222,-19.391111,2001,vertnet
Ischnocnema sp.,-39.104167,-13.945278,2001,vertnet
Haddadus binotatus,-40.406667,-19.9325,2001,vertnet
Haddadus binotatus,-40.406667,-19.9325,2001,vertnet
Haddadus binotatus,-40.406667,-19.9325,2001,vertnet
Haddadus binotatus,-40.600278,-19.935556,1998,vertnet
Haddadus binotatus,-40.072222,-19.391111,2000,vertnet
Haddadus binotatus,-40.072222,-19.391111,2000,vertnet
Haddadus binotatus,-40.072222,-19.391111,2000,vertnet
Haddadus binotatus,-40.072222,-19.391111,2000,vertnet
Haddadus binotatus,-40.072222,-19.391111,2000,vertnet
Haddadus binotatus,-40.072222,-19.391111,2001,vertnet
Haddadus binotatus,-40.072222,-19.391111,2001,vertnet
Haddadus binotatus,-40.072222,-19.391111,2001,vertnet
Haddadus binotatus,-40.072222,-19.391111,2001,vertnet
Haddadus binotatus,-40.072222,-19.391111,2001,vertnet
Haddadus binotatus,-40.072222,-19.391111,2001,vertnet
Haddadus binotatus,-40.600278,-19.935556,2001,vertnet
Haddadus binotatus,-40.600278,-19.935556,2003,vertnet
Haddadus binotatus,-40.072222,-19.391111,2004,vertnet
Haddadus binotatus,-40.072222,-19.391111,2003,vertnet
Haddadus binotatus,-40.645556,-20.805833,2001,vertnet
Haddadus binotatus,-40.600278,-19.935556,2005,vertnet
Haddadus binotatus,-40.529722,-20.100556,2004,vertnet
Haddadus binotatus,-40.600278,-19.935556,2005,vertnet
Haddadus binotatus,-40.600278,-19.935556,2005,vertnet
Haddadus binotatus,-40.600278,-19.935556,2005,vertnet
Haddadus binotatus,-40.600278,-19.935556,2005,vertnet
Haddadus binotatus,-40.600278,-19.935556,2005,vertnet
Haddadus binotatus,-40.600278,-19.935556,2005,vertnet
Haddadus binotatus,-40.600278,-19.935556,2005,vertnet
Haddadus binotatus,-40.600278,-19.935556,2005,vertnet
Haddadus binotatus,-40.600278,-19.935556,2005,vertnet
Haddadus binotatus,-40.600278,-19.935556,2005,vertnet
Haddadus binotatus,-40.600278,-19.935556,2005,vertnet
Haddadus binotatus,-40.600278,-19.935556,2005,vertnet
Haddadus binotatus,-40.600278,-19.935556,2005,vertnet
Haddadus binotatus,-40.600278,-19.935556,2005,vertnet
Haddadus binotatus,-40.600278,-19.935556,2005,vertnet
Haddadus binotatus,-40.600278,-19.935556,2005,vertnet
Haddadus binotatus,-40.600278,-19.935556,2005,vertnet
Haddadus binotatus,-40.600278,-19.935556,2005,vertnet
Haddadus binotatus,-40.600278,-19.935556,2005,vertnet
Haddadus binotatus,-40.600278,-19.935556,2005,vertnet
Haddadus binotatus,-40.363333,-18.126944,2006,vertnet
Haddadus binotatus,-40.363333,-18.126944,2006,vertnet
Haddadus binotatus,-40.363333,-18.126944,2006,vertnet
Haddadus binotatus,-40.363333,-18.126944,2006,vertnet
Haddadus binotatus,-40.363333,-18.126944,2006,vertnet
Haddadus binotatus,-40.600278,-19.935556,2005,vertnet
Haddadus binotatus,-40.600278,-19.935556,2006,vertnet
Haddadus binotatus,-40.600278,-19.935556,2006,vertnet
Haddadus binotatus,-40.600278,-19.935556,2006,vertnet
Haddadus binotatus,-40.600278,-19.935556,2006,vertnet
Haddadus binotatus,-40.600278,-19.935556,2006,vertnet
Haddadus binotatus,-40.600278,-19.935556,2006,vertnet
Haddadus binotatus,-40.600278,-19.935556,2006,vertnet
Haddadus binotatus,-40.4975,-20.666667,1985,vertnet
Haddadus binotatus,-40.42,-20.263889,1999,vertnet
Haddadus binotatus,-41.184722,-20.603611,1986,vertnet
Haddadus binotatus,-40.42,-20.263889,1999,vertnet
Haddadus binotatus,-40.42,-20.263889,1999,vertnet
Haddadus binotatus,-40.42,-20.263889,2002,vertnet
Haddadus binotatus,-40.600278,-19.935556,2005,vertnet
Haddadus binotatus,-40.42,-20.263889,1999,vertnet
Haddadus binotatus,-40.42,-20.263889,1990,vertnet
Haddadus binotatus,-40.42,-20.263889,1989,vertnet
Haddadus binotatus,-40.42,-20.263889,1989,vertnet
Haddadus binotatus,-40.406667,-19.9325,1989,vertnet
Haddadus binotatus,-40.406667,-19.9325,1989,vertnet
Haddadus binotatus,-40.406667,-19.9325,1989,vertnet
Haddadus binotatus,-40.406667,-19.9325,1989,vertnet
Haddadus binotatus,-40.42,-20.263889,2002,vertnet
Haddadus binotatus,-40.072222,-19.391111,2003,vertnet
Haddadus binotatus,-40.273333,-19.820278,1995,vertnet
Haddadus binotatus,-40.746111,-20.040556,2005,vertnet
Haddadus binotatus,-40.746111,-20.040556,2005,vertnet
Haddadus binotatus,-40.746111,-20.040556,2005,vertnet
Haddadus binotatus,-40.746111,-20.040556,2005,vertnet
Haddadus binotatus,-40.746111,-20.040556,2005,vertnet
Haddadus binotatus,-40.746111,-20.040556,2004,vertnet
Haddadus binotatus,-40.746111,-20.040556,2004,vertnet
Haddadus binotatus,-40.746111,-20.040556,2005,vertnet
Haddadus binotatus,-40.746111,-20.040556,2005,vertnet
Haddadus binotatus,-40.746111,-20.040556,2005,vertnet
Haddadus binotatus,-40.746111,-20.040556,2004,vertnet
Haddadus binotatus,-40.746111,-20.040556,2005,vertnet
Haddadus binotatus,-40.746111,-20.040556,2005,vertnet
Haddadus binotatus,-40.746111,-20.040556,2005,vertnet
Haddadus binotatus,-40.746111,-20.040556,2005,vertnet
Haddadus binotatus,-40.746111,-20.040556,2005,vertnet
Haddadus binotatus,-40.471111,-20.551667,2007,vertnet
Haddadus binotatus,-40.801667,-20.550833,2007,vertnet
Haddadus binotatus,-40.801667,-20.550833,2007,vertnet
Haddadus binotatus,-40.801667,-20.550833,2007,vertnet
Haddadus binotatus,-40.801667,-20.550833,2007,vertnet
Haddadus binotatus,-40.801667,-20.550833,2007,vertnet
Haddadus binotatus,-40.801667,-20.550833,2007,vertnet
Haddadus binotatus,-40.416667,-20.266667,2001,vertnet
Haddadus binotatus,-40.416667,-20.266667,2004,vertnet
Haddadus binotatus,-40.533333,-19.95,2000,vertnet
Haddadus binotatus,-40.8,-20.533333,2008,vertnet
Haddadus binotatus,-40.8,-20.533333,2008,vertnet
Haddadus binotatus,-41.121389,-20.541389,2013,vertnet
Haddadus binotatus,-40.825694,-20.387167,2015,vertnet
Haddadus binotatus,-40.825694,-20.387167,2015,vertnet
Haddadus binotatus,-40.542222,-19.91,2016,vertnet
"Eleutherodactylus binotatus (Spix, 1824)",-43.2333333,-22.9,1922,vertnet
Haddadus binotatus,-47.23,-24.57,1988,vertnet
Haddadus binotatus,-40.58,-19.83,1977,vertnet
Haddadus binotatus,-47.23,-24.57,1988,vertnet
Haddadus binotatus,-45.83,-23.63,1977,vertnet
Haddadus binotatus,-47.23,-24.57,1988,vertnet
Haddadus binotatus,-47.23,-24.57,1988,vertnet
Haddadus binotatus,-47.23,-24.57,1988,vertnet
Haddadus binotatus,-40.58,-19.83,1977,vertnet
Haddadus binotatus,-40.58,-19.83,1978,vertnet
Haddadus binotatus,-40.58,-19.83,1977,vertnet
Haddadus binotatus,-40.58,-19.83,1977,vertnet
Haddadus binotatus,-47.23,-24.57,1988,vertnet
Haddadus binotatus,-40.58,-19.83,1978,vertnet
Haddadus binotatus,-40.58,-19.83,1977,vertnet
Haddadus binotatus,-40.58,-19.83,1977,vertnet
Haddadus binotatus,-40.58,-19.83,1978,vertnet
Haddadus binotatus,-40.58,-19.83,1977,vertnet
Haddadus binotatus,-45.83,-23.63,1975,vertnet
Haddadus binotatus,-40.58,-19.83,1978,vertnet
Haddadus binotatus,-47.23,-24.57,1988,vertnet
Haddadus binotatus,-40.58,-19.83,1978,vertnet
Haddadus binotatus,-40.58,-19.83,1977,vertnet
Haddadus binotatus,-40.58,-19.83,1977,vertnet
Haddadus binotatus,-40.58,-19.83,1977,vertnet
Haddadus binotatus,-47.23,-24.57,1988,vertnet
Haddadus binotatus,-45.83,-23.63,1977,vertnet
Haddadus binotatus,-40.58,-19.83,1978,vertnet
Haddadus binotatus,-40.58,-19.83,1978,vertnet
Haddadus binotatus,-45.83,-23.63,1976,vertnet
Haddadus binotatus,-45.83,-23.63,1977,vertnet
Haddadus binotatus,-40.58,-19.83,1977,vertnet
Haddadus binotatus,-47.23,-24.57,1988,vertnet
Haddadus binotatus,-40.58,-19.83,1978,vertnet
Haddadus binotatus,-54.83,-23.63,1983,vertnet
Haddadus binotatus,-47.23,-24.57,1988,vertnet
Haddadus binotatus,-45.83,-23.63,1977,vertnet
Haddadus binotatus,-45.83,-23.63,1976,vertnet
Haddadus binotatus,-40.58,-19.83,1977,vertnet
Haddadus binotatus,-47.23,-24.57,1988,vertnet
Haddadus binotatus,-40.58,-19.83,1978,vertnet
Haddadus binotatus,-45.83,-23.63,1984,vertnet
Haddadus binotatus,-40.58,-19.83,1977,vertnet
Haddadus binotatus,-40.58,-19.83,1977,vertnet
Haddadus binotatus,-45.83,-23.63,1988,vertnet
Haddadus binotatus,-40.58,-19.83,1977,vertnet
Haddadus binotatus,-40.58,-19.83,1977,vertnet
Haddadus binotatus,-45.83,-23.63,1976,vertnet
Haddadus binotatus,-47.23,-24.57,1988,vertnet
Haddadus binotatus,-47.23,-24.57,1988,vertnet
Haddadus binotatus,-45.83,-23.63,1984,vertnet
Haddadus binotatus,-46.529722,-23.66,1973,vertnet
Haddadus binotatus,-45.069722,-23.430278,1973,vertnet
Haddadus binotatus,-40.071944,-19.391111,1975,vertnet
Haddadus binotatus,-40.071944,-19.391111,1975,vertnet
Haddadus binotatus,-40.071944,-19.391111,1975,vertnet
Haddadus binotatus,-46.529722,-23.66,1981,vertnet
Haddadus binotatus,-47.13,-23.3,1984,vertnet
Haddadus binotatus,-46.529722,-23.66,1986,vertnet
Haddadus binotatus,-46.529722,-23.66,1987,vertnet
Haddadus binotatus,-45.069722,-23.430278,1990,vertnet
Haddadus binotatus,-46.389722,-23.96,1989,vertnet
Haddadus binotatus,-45.069722,-23.430278,1991,vertnet
Haddadus binotatus,-45.069722,-23.430278,1991,vertnet
Haddadus binotatus,-45.069722,-23.430278,1991,vertnet
Haddadus binotatus,-45.069722,-23.430278,1991,vertnet
Haddadus binotatus,-47.549722,-24.700278,1988,vertnet
Haddadus binotatus,-47.06,-22.9,1991,vertnet
Haddadus binotatus,-48.34,-24,1994,vertnet
Haddadus binotatus,-48.34,-24,1994,vertnet
Haddadus binotatus,-47.549722,-24.700278,1989,vertnet
Haddadus binotatus,-47.549722,-24.700278,1992,vertnet
Haddadus binotatus,-45.069722,-23.430278,1996,vertnet
Haddadus binotatus,-46.188056,-23.523056,2000,vertnet
Haddadus binotatus,-46.188056,-23.523056,2000,vertnet
Haddadus binotatus,-46.188056,-23.523056,2000,vertnet
Haddadus binotatus,-46.188056,-23.523056,2000,vertnet
Haddadus binotatus,-46.188056,-23.523056,2002,vertnet
Haddadus binotatus,-46.188056,-23.523056,2002,vertnet
Haddadus binotatus,-46.188056,-23.523056,2002,vertnet
Haddadus binotatus,-45.88,-23.39,2002,vertnet
Haddadus binotatus,-45.069722,-23.430278,2001,vertnet
Haddadus binotatus,-45.069722,-23.430278,2001,vertnet
Haddadus binotatus,-46.188056,-23.523056,2004,vertnet
Haddadus binotatus,-45.31,-23.22,2006,vertnet
Haddadus binotatus,-48.36,-24.090278,2005,vertnet
Haddadus binotatus,-48.36,-24.090278,2007,vertnet
Haddadus binotatus,-48.35,-23.4,2008,vertnet
Haddadus binotatus,-46.002778,-23.248889,2011,vertnet
Haddadus binotatus,-44.855278,-22.545,2011,vertnet
Haddadus binotatus,-46.352222,-23.376944,2011,vertnet
Haddadus binotatus,-41.851972,-20.421417,2016,vertnet
Haddadus binotatus,-41.850722,-20.419389,2016,vertnet
Haddadus binotatus,-40.273333,-19.820278,NA,vertnet
Haddadus binotatus,-40.600278,-19.935556,NA,vertnet
Haddadus binotatus,-40.746111,-20.040556,NA,vertnet
Eleutherodactylus binotatus,-40.6,-19.91667,1942,vertnet
ELEUTHERODACTYLUS BINOTATUS,-43.24,-22.96,1954,vertnet
Eleutherodactylus binotatus,-45.85,-23.53333,1948,vertnet
Eleutherodactylus binotatus,-46.31667,-23.78333,1959,vertnet
Eleutherodactylus binotatus,-43.3,-22.93333,1963,vertnet
Eleutherodactylus binotatus,-43.5,-22.91667,1963,vertnet
Eleutherodactylus binotatus,-45.85,-23.53333,1965,vertnet
Eleutherodactylus binotatus,-45.85,-23.53333,1965,vertnet
"Eleutherodactylus binotatus (Spix, 1824)",-43.2739,-22.9619,1967,vertnet
Eleutherodactylus binotatus,-44.71667,-23.21667,1946,vertnet
Eleutherodactylus binotatus,-44.71667,-23.21667,1946,vertnet
ELEUTHERODACTYLUS BINOTATUS,-43.24,-22.96,1954,vertnet
ELEUTHERODACTYLUS BINOTATUS,-43.24,-22.96,1954,vertnet
Eleutherodactylus binotatus,-37.41667,-11.41667,1991,vertnet
Eleutherodactylus binotatus,-37.41667,-11.41667,1991,vertnet
Eleutherodactylus binotatus,-37.41667,-11.41667,1991,vertnet
Eleutherodactylus binotatus,-46.31667,-23.78333,1959,vertnet
Eleutherodactylus binotatus,-46.31667,-23.78333,1959,vertnet
Eleutherodactylus binotatus,-43.5,-22.91667,1963,vertnet
Eleutherodactylus binotatus,-43.5,-22.91667,1963,vertnet
Eleutherodactylus binotatus,-44.84102,-23.10174,1941,vertnet
Eleutherodactylus binotatus,-44.84102,-23.10174,1941,vertnet
Eleutherodactylus binotatus,-39.03333,-14.81667,1944,vertnet
Eleutherodactylus binotatus,-39.03333,-14.81667,1944,vertnet
ELEUTHERODACTYLUS BINOTATUS,-46.61,-23.53,1947,vertnet
Eleutherodactylus binotatus,-43.23333,-22.93333,1965,vertnet
Eleutherodactylus binotatus,-43.23333,-22.93333,1965,vertnet
Eleutherodactylus binotatus,-43.23333,-22.93333,1965,vertnet
Eleutherodactylus binotatus,-43.5,-22.91667,1963,vertnet
Eleutherodactylus binotatus,-39.03333,-14.81667,1944,vertnet
Eleutherodactylus binotatus,-39.03333,-14.81667,1944,vertnet
ELEUTHERODACTYLUS BINOTATUS,-46.68,-24.48,1947,vertnet
ELEUTHERODACTYLUS BINOTATUS,-46.68,-24.48,1947,vertnet
Eleutherodactylus binotatus,-43.23333,-22.93333,NA,vertnet
"Eleutherodactylus binotatus (Spix, 1824)",-43.2333333,-22.9,1922,vertnet
"Eleutherodactylus binotatus (Spix, 1824)",-46.3166667,-23.7833333,1922,vertnet
"Eleutherodactylus binotatus (Spix, 1824)",-43.2333333,-22.9,1922,vertnet
